inventory_number,notary
173,JAN FRANSSEN BRUIJNINGH
208,JACOB MEERHOUT
209,JACOB MEERHOUT
210,JACOB MEERHOUT
211,JACOB MEERHOUT
212,JACOB MEERHOUT
213,JACOB MEERHOUT
214,JACOB MEERHOUT
215,JACOB MEERHOUT
216,JACOB MEERHOUT
217,JACOB MEERHOUT
218,JACOB MEERHOUT
219,JACOB MEERHOUT
220,JACOB MEERHOUT
221,JACOB MEERHOUT
222,JACOB MEERHOUT
223,JACOB MEERHOUT
224,JACOB MEERHOUT
225,JACOB MEERHOUT
226,JACOB MEERHOUT
227,JACOB MEERHOUT
228,JACOB MEERHOUT
229,JACOB MEERHOUT
230,JACOB MEERHOUT
231,JACOB MEERHOUT
232,JACOB MEERHOUT
233,JACOB MEERHOUT
234,JACOB MEERHOUT
235,JACOB MEERHOUT
236,JACOB MEERHOUT
237,JACOB MEERHOUT
238,JACOB MEERHOUT
239,JACOB MEERHOUT
240,JACOB MEERHOUT
241,JACOB MEERHOUT
242,JACOB MEERHOUT
243,JACOB MEERHOUT
244,JACOB MEERHOUT
245,JACOB MEERHOUT
246,JACOB MEERHOUT
247,JACOB MEERHOUT
248,JACOB MEERHOUT
249,JACOB MEERHOUT
250,JACOB MEERHOUT
251,JACOB MEERHOUT
252,JACOB MEERHOUT
253,JACOB MEERHOUT
254,JACOB MEERHOUT
255,JACOB MEERHOUT
256,JACOB MEERHOUT
257,JACOB MEERHOUT
258A,JACOB MEERHOUT
258B,JACOB MEERHOUT
259A,JACOB MEERHOUT
259B,JACOB MEERHOUT
340,WILLEM CLUIJT
341,WILLEM CLUIJT
342,WILLEM CLUIJT
343,WILLEM CLUIJT
344,WILLEM CLUIJT
345,WILLEM CLUIJT
346,WILLEM CLUIJT
347,WILLEM CLUIJT
348,WILLEM CLUIJT
349,WILLEM CLUIJT
350,WILLEM CLUIJT
351A,WILLEM CLUIJT
351B,WILLEM CLUIJT
352,WILLEM CLUIJT
353,WILLEM CLUIJT
354,WILLEM CLUIJT
355,WILLEM CLUIJT
356,WILLEM CLUIJT
374,JACOB JACOBS EN NICOLAES JACOBS
375,JACOB JACOBS EN NICOLAES JACOBS
376,JACOB JACOBS EN NICOLAES JACOBS
377A,JACOB JACOBS EN NICOLAES JACOBS
377B,JACOB JACOBS EN NICOLAES JACOBS
378A,JACOB JACOBS EN NICOLAES JACOBS
378B,JACOB JACOBS EN NICOLAES JACOBS
379,JACOB JACOBS EN NICOLAES JACOBS
380A,JACOB JACOBS EN NICOLAES JACOBS
380B,JACOB JACOBS EN NICOLAES JACOBS
381A,JACOB JACOBS EN NICOLAES JACOBS
381B,JACOB JACOBS EN NICOLAES JACOBS
382,JACOB JACOBS EN NICOLAES JACOBS
383A,JACOB JACOBS EN NICOLAES JACOBS
383B,JACOB JACOBS EN NICOLAES JACOBS
384A,JACOB JACOBS EN NICOLAES JACOBS
384B,JACOB JACOBS EN NICOLAES JACOBS
385A,JACOB JACOBS EN NICOLAES JACOBS
385B,JACOB JACOBS EN NICOLAES JACOBS
386,JACOB JACOBS EN NICOLAES JACOBS
387,JACOB JACOBS EN NICOLAES JACOBS
388,JACOB JACOBS EN NICOLAES JACOBS
389,JACOB JACOBS EN NICOLAES JACOBS
390,JACOB JACOBS EN NICOLAES JACOBS
391,JACOB JACOBS EN NICOLAES JACOBS
392A,JACOB JACOBS EN NICOLAES JACOBS
392B,JACOB JACOBS EN NICOLAES JACOBS
393A,JACOB JACOBS EN NICOLAES JACOBS
393B,JACOB JACOBS EN NICOLAES JACOBS
394A,JACOB JACOBS EN NICOLAES JACOBS
394B,JACOB JACOBS EN NICOLAES JACOBS
395A,JACOB JACOBS EN NICOLAES JACOBS
395B,JACOB JACOBS EN NICOLAES JACOBS
396,JACOB JACOBS EN NICOLAES JACOBS
397A,JACOB JACOBS EN NICOLAES JACOBS
397B,JACOB JACOBS EN NICOLAES JACOBS
398A,JACOB JACOBS EN NICOLAES JACOBS
398B,JACOB JACOBS EN NICOLAES JACOBS
399A,JACOB JACOBS EN NICOLAES JACOBS
399B,JACOB JACOBS EN NICOLAES JACOBS
400A,JACOB JACOBS EN NICOLAES JACOBS
400B,JACOB JACOBS EN NICOLAES JACOBS
401A,JACOB JACOBS EN NICOLAES JACOBS
401B,JACOB JACOBS EN NICOLAES JACOBS
402,JACOB JACOBS EN NICOLAES JACOBS
403,JACOB JACOBS EN NICOLAES JACOBS
404,JACOB JACOBS EN NICOLAES JACOBS
405,JACOB JACOBS EN NICOLAES JACOBS
406A,JACOB JACOBS EN NICOLAES JACOBS
406B,JACOB JACOBS EN NICOLAES JACOBS
407A,JACOB JACOBS EN NICOLAES JACOBS
407B,JACOB JACOBS EN NICOLAES JACOBS
408A,JACOB JACOBS EN NICOLAES JACOBS
408B,JACOB JACOBS EN NICOLAES JACOBS
409,JACOB JACOBS EN NICOLAES JACOBS
410A,JACOB JACOBS EN NICOLAES JACOBS
410B,JACOB JACOBS EN NICOLAES JACOBS
411,JACOB JACOBS EN NICOLAES JACOBS
412A,JACOB JACOBS EN NICOLAES JACOBS
412B,JACOB JACOBS EN NICOLAES JACOBS
413A,JACOB JACOBS EN NICOLAES JACOBS
413B,JACOB JACOBS EN NICOLAES JACOBS
414A,JACOB JACOBS EN NICOLAES JACOBS
414B,JACOB JACOBS EN NICOLAES JACOBS
415,JACOB JACOBS EN NICOLAES JACOBS
416,JACOB JACOBS EN NICOLAES JACOBS
417,JACOB JACOBS EN NICOLAES JACOBS
418A,JACOB JACOBS EN NICOLAES JACOBS
418B,JACOB JACOBS EN NICOLAES JACOBS
419A,JACOB JACOBS EN NICOLAES JACOBS
419B,JACOB JACOBS EN NICOLAES JACOBS
420A,JACOB JACOBS EN NICOLAES JACOBS
420B,JACOB JACOBS EN NICOLAES JACOBS
421,JACOB JACOBS EN NICOLAES JACOBS
422,JACOB JACOBS EN NICOLAES JACOBS
423,JACOB JACOBS EN NICOLAES JACOBS
424,JACOB JACOBS EN NICOLAES JACOBS
425,PALM MATHIJSZ
426,PALM MATHIJSZ
427,PALM MATHIJSZ
428,PALM MATHIJSZ
429,PALM MATHIJSZ
430,PALM MATHIJSZ
431,PALM MATHIJSZ
432,PALM MATHIJSZ
433,PALM MATHIJSZ
434,PALM MATHIJSZ
435,PALM MATHIJSZ
436,PALM MATHIJSZ
437,PALM MATHIJSZ
438,PALM MATHIJSZ
439,PALM MATHIJSZ
440,PALM MATHIJSZ
441,PALM MATHIJSZ
442,PALM MATHIJSZ
443,PALM MATHIJSZ
444,PALM MATHIJSZ
445,PALM MATHIJSZ
446,PALM MATHIJSZ
447,PALM MATHIJSZ
448,PALM MATHIJSZ
449,PALM MATHIJSZ
450,PALM MATHIJSZ
451,PALM MATHIJSZ
481A,PALM MATHIJSZ
481B,PALM MATHIJSZ
482A,PALM MATHIJSZ
492,JACOB JANSZ WESTFRISIUS
493,JACOB JANSZ WESTFRISIUS
494,JACOB JANSZ WESTFRISIUS
495,JACOB JANSZ WESTFRISIUS
496,JACOB JANSZ WESTFRISIUS
497,JACOB JANSZ WESTFRISIUS
498,JACOB JANSZ WESTFRISIUS
499,JACOB JANSZ WESTFRISIUS
500,JACOB JANSZ WESTFRISIUS
501,JACOB JANSZ WESTFRISIUS
502,JACOB JANSZ WESTFRISIUS
503,JACOB JANSZ WESTFRISIUS
504,JACOB JANSZ WESTFRISIUS
505,JACOB JANSZ WESTFRISIUS
506,JACOB JANSZ WESTFRISIUS
507,JACOB JANSZ WESTFRISIUS
508,JACOB JANSZ WESTFRISIUS
509,JACOB JANSZ WESTFRISIUS
510,JACOB JANSZ WESTFRISIUS
511,JACOB JANSZ WESTFRISIUS
512,JACOB JANSZ WESTFRISIUS
513,JACOB JANSZ WESTFRISIUS
514,JACOB JANSZ WESTFRISIUS
515,JACOB JANSZ WESTFRISIUS
516,JACOB JANSZ WESTFRISIUS
517,JACOB JANSZ WESTFRISIUS
518,JACOB JANSZ WESTFRISIUS
519,JACOB JANSZ WESTFRISIUS
520,JACOB JANSZ WESTFRISIUS
521,JACOB JANSZ WESTFRISIUS
522,JACOB JANSZ WESTFRISIUS
523,JACOB JANSZ WESTFRISIUS
524,JACOB JANSZ WESTFRISIUS
525,JACOB JANSZ WESTFRISIUS
526,JACOB JANSZ WESTFRISIUS
562A,JACOB JANSZ WESTFRISIUS
567,LAURENS LAMBERTI
568,LAURENS LAMBERTI
569,LAURENS LAMBERTI
570,LAURENS LAMBERTI
571,LAURENS LAMBERTI
572,LAURENS LAMBERTI
573,LAURENS LAMBERTI
574,LAURENS LAMBERTI
575,LAURENS LAMBERTI
576,LAURENS LAMBERTI
577,LAURENS LAMBERTI
578,LAURENS LAMBERTI
579,LAURENS LAMBERTI
580,LAURENS LAMBERTI
581A,LAURENS LAMBERTI
581B,LAURENS LAMBERTI
582,LAURENS LAMBERTI
583,LAURENS LAMBERTI
584,LAURENS LAMBERTI
585,LAURENS LAMBERTI
586,LAURENS LAMBERTI
587,LAURENS LAMBERTI
588,LAURENS LAMBERTI
589,LAURENS LAMBERTI
590,LAURENS LAMBERTI
591,LAURENS LAMBERTI
592,LAURENS LAMBERTI
593,LAURENS LAMBERTI
594,LAURENS LAMBERTI
595,LAURENS LAMBERTI
596,LAURENS LAMBERTI
597,LAURENS LAMBERTI
598,LAURENS LAMBERTI
599,LAURENS LAMBERTI
600,LAURENS LAMBERTI
601,LAURENS LAMBERTI
602,LAURENS LAMBERTI
603,LAURENS LAMBERTI
604,LAURENS LAMBERTI
605,LAURENS LAMBERTI
606,LAURENS LAMBERTI
607,LAURENS LAMBERTI
608,LAURENS LAMBERTI
609,LAURENS LAMBERTI
610,LAURENS LAMBERTI
651,JERONIMUS VAN DE KETEL
652,JERONIMUS VAN DE KETEL
653,JERONIMUS VAN DE KETEL
653A,JERONIMUS VAN DE KETEL
765,JOHAN DIRKSZ. VERHIJ
766,JOHAN DIRKSZ. VERHIJ
767,JOHAN DIRKSZ. VERHIJ
768A,JOHAN DIRKSZ. VERHIJ
768B,JOHAN DIRKSZ. VERHIJ
769,JOHAN DIRKSZ. VERHIJ
770,JOHAN DIRKSZ. VERHIJ
771,JOHAN DIRKSZ. VERHIJ
772,JOHAN DIRKSZ. VERHIJ
773,JOHAN DIRKSZ. VERHIJ
774,JOHAN DIRKSZ. VERHIJ
775,JOHAN DIRKSZ. VERHIJ
776,JOHAN DIRKSZ. VERHIJ
777,JOHAN DIRKSZ. VERHIJ
778,JOHAN DIRKSZ. VERHIJ
779,JOHAN DIRKSZ. VERHIJ
858,JACOB VAN ZWIETEN
859,JACOB VAN ZWIETEN
860,JACOB VAN ZWIETEN
861,JACOB VAN ZWIETEN
862,JACOB VAN ZWIETEN
863,JACOB VAN ZWIETEN
864,JACOB VAN ZWIETEN
865,JACOB VAN ZWIETEN
866,JACOB VAN ZWIETEN
867,JACOB VAN ZWIETEN
868,JACOB VAN ZWIETEN
869,JACOB VAN ZWIETEN
870,JACOB VAN ZWIETEN
871,JACOB VAN ZWIETEN
872,JACOB VAN ZWIETEN
873,JACOB VAN ZWIETEN
874,JACOB VAN ZWIETEN
875,JACOB VAN ZWIETEN
876,JACOB VAN ZWIETEN
877,JACOB VAN ZWIETEN
878,JACOB VAN ZWIETEN
879,JACOB VAN ZWIETEN
880,JACOB VAN ZWIETEN
881,JACOB VAN ZWIETEN
882,JACOB VAN ZWIETEN
988,JAN BOSCH
989,JAN BOSCH
990,JAN BOSCH
991A,JAN BOSCH
991B,JAN BOSCH
992A,JAN BOSCH
992B,JAN BOSCH
993A,JAN BOSCH
993B,JAN BOSCH
994A,JAN BOSCH
994B,JAN BOSCH
1157,JOOST VAN DE VEN
1158,JOOST VAN DE VEN
1159,JOOST VAN DE VEN
1160,JOOST VAN DE VEN
1161,JOOST VAN DE VEN
1162,JOOST VAN DE VEN
1163,JOOST VAN DE VEN
1164,JOOST VAN DE VEN
1165,JOOST VAN DE VEN
1166,JOOST VAN DE VEN
1167,JOOST VAN DE VEN
1168,JOOST VAN DE VEN
1169,JOOST VAN DE VEN
1170,JAN DE VOS
1171,JAN DE VOS
1172,JAN DE VOS
1173,JAN DE VOS
1174,JAN DE VOS
1175,JAN DE VOS
1176,JAN DE VOS
1177,JAN DE VOS
1178,JAN DE VOS
1179,JAN DE VOS
1180,JAN DE VOS
1181,JAN DE VOS
1182,JAN DE VOS
1183,JAN DE VOS
1184,JAN DE VOS
1185,JAN DE VOS
1186,JAN DE VOS
1187,JAN DE VOS
1188,JAN DE VOS
1189,JAN DE VOS
1190,JAN DE VOS
1191,JAN DE VOS
1192,JAN DE VOS
1193,JAN DE VOS
1194,JAN DE VOS
1195,JAN DE VOS
1196,JAN DE VOS
1197,JAN DE VOS
1198,JAN DE VOS
1199,JAN DE VOS
1200,JAN DE VOS
1201,JAN DE VOS
1202,JAN DE VOS
1203,JAN DE VOS
1204,JAN DE VOS
1205,JAN DE VOS
1206,JAN DE VOS
1207,JAN DE VOS
1208,JAN DE VOS
1209,JAN DE VOS
1210,JAN DE VOS
1211,JAN DE VOS
1212,JAN DE VOS
1213,JAN DE VOS
1214,JAN DE VOS
1215,JAN DE VOS
1216,JAN DE VOS
1217,JAN DE VOS
1218A,JAN DE VOS
1218B,JAN DE VOS
1219,JAN DE VOS
1220,JAN DE VOS
1221A,JAN DE VOS
1221B,JAN DE VOS
1222A,JAN DE VOS
1222B,JAN DE VOS
1223A,JAN DE VOS
1223B,JAN DE VOS
1278,HENDRIK SCHAEF
1279,HENDRIK SCHAEF
1280,HENDRIK SCHAEF
1281,HENDRIK SCHAEF
1282,HENDRIK SCHAEF
1283,HENDRIK SCHAEF
1284,HENDRIK SCHAEF
1285,HENDRIK SCHAEF
1286,HENDRIK SCHAEF
1287,HENDRIK SCHAEF
1288,HENDRIK SCHAEF
1289,HENDRIK SCHAEF
1290,HENDRIK SCHAEF
1291,HENDRIK SCHAEF
1292,HENDRIK SCHAEF
1293,HENDRIK SCHAEF
1294,HENDRIK SCHAEF
1295,HENDRIK SCHAEF
1296,HENDRIK SCHAEF
1297,HENDRIK SCHAEF
1298,HENDRIK SCHAEF
1299,HENDRIK SCHAEF
1300,HENDRIK SCHAEF
1301,HENDRIK SCHAEF
1302,HENDRIK SCHAEF
1303,HENDRIK SCHAEF
1304,HENDRIK SCHAEF
1305,HENDRIK SCHAEF
1306,HENDRIK SCHAEF
1307,HENDRIK SCHAEF
1308,HENDRIK SCHAEF
1309,HENDRIK SCHAEF
1310,HENDRIK SCHAEF
1311,HENDRIK SCHAEF
1312,HENDRIK SCHAEF
1313,HENDRIK SCHAEF
1314,HENDRIK SCHAEF
1315,HENDRIK SCHAEF
1316,HENDRIK SCHAEF
1317,HENDRIK SCHAEF
1318,HENDRIK SCHAEF
1319,HENDRIK SCHAEF
1320,HENDRIK SCHAEF
1321,HENDRIK SCHAEF
1322,HENDRIK SCHAEF
1323,HENDRIK SCHAEF
1324,HENDRIK SCHAEF
1325,HENDRIK SCHAEF
1326,HENDRIK SCHAEF
1327,HENDRIK SCHAEF
1328,HENDRIK SCHAEF
1329,HENDRIK SCHAEF
1330,HENDRIK SCHAEF
1331,HENDRIK SCHAEF
1332,HENDRIK SCHAEF
1333,HENDRIK SCHAEF
1334,HENDRIK SCHAEF
1335,HENDRIK SCHAEF
1336,HENDRIK SCHAEF
1337,HENDRIK SCHAEF
1338,HENDRIK SCHAEF
1339,HENDRIK SCHAEF
1340,HENDRIK SCHAEF
1341,HENDRIK SCHAEF
1342,HENDRIK SCHAEF
1343,HENDRIK SCHAEF
1344,HENDRIK SCHAEF
1345,HENDRIK SCHAEF
1346,HENDRIK SCHAEF
1347,HENDRIK SCHAEF
1348,HENDRIK SCHAEF
1349,HENDRIK SCHAEF
1350,HENDRIK SCHAEF
1351,HENDRIK SCHAEF
1352,HENDRIK SCHAEF
1353,HENDRIK SCHAEF
1354,HENDRIK SCHAEF
1355,HENDRIK SCHAEF
1356,HENDRIK SCHAEF
1357,HENDRIK SCHAEF
1358,HENDRIK SCHAEF
1359,HENDRIK SCHAEF
1360,HENDRIK SCHAEF
1361,HENDRIK SCHAEF
1362,HENDRIK SCHAEF
1363,HENDRIK SCHAEF
1364,HENDRIK SCHAEF
1365,HENDRIK SCHAEF
1366,HENDRIK SCHAEF
1367,HENDRIK SCHAEF
1368,HENDRIK SCHAEF
1369,HENDRIK SCHAEF
1370,HENDRIK SCHAEF
1371,HENDRIK SCHAEF
1372,HENDRIK SCHAEF
1373A,HENDRIK SCHAEF
1373B,HENDRIK SCHAEF
1373C,HENDRIK SCHAEF
1373D,HENDRIK SCHAEF
1373E,HENDRIK SCHAEF
1373F,HENDRIK SCHAEF
1373G,HENDRIK SCHAEF
1373H,HENDRIK SCHAEF
1373I,HENDRIK SCHAEF
1373K,HENDRIK SCHAEF
1374,HENDRIK SCHAEF
1375,HENDRIK SCHAEF
1376,HENDRIK SCHAEF
1377,HENDRIK SCHAEF
1378,HENDRIK SCHAEF
1379,HENDRIK SCHAEF
1380,HENDRIK SCHAEF
1381,HENDRIK SCHAEF
1382,HENDRIK SCHAEF
1383,HENDRIK SCHAEF
1384,HENDRIK SCHAEF
1385,HENDRIK SCHAEF
1386,HENDRIK SCHAEF
1387,HENDRIK SCHAEF
1388,HENDRIK SCHAEF
1389,HENDRIK SCHAEF
1390,HENDRIK SCHAEF
1391,HENDRIK SCHAEF
1392,HENDRIK SCHAEF
1393,HENDRIK SCHAEF
1394,HENDRIK SCHAEF
1395,HENDRIK SCHAEF
1396,HENDRIK SCHAEF
1397,HENDRIK SCHAEF
1398,HENDRIK SCHAEF
1399,HENDRIK SCHAEF
1400,HENDRIK SCHAEF
1401,HENDRIK SCHAEF
1402,HENDRIK SCHAEF
1403,HENDRIK SCHAEF
1404,HENDRIK SCHAEF
1405,HENDRIK SCHAEF
1406,HENDRIK SCHAEF
1420,CORNELIS TOU(W)
1421,CORNELIS TOU(W)
1422,CORNELIS TOU(W)
1423,CORNELIS TOU(W)
1424,CORNELIS TOU(W)
1425,CORNELIS TOU(W)
1426,CORNELIS TOU(W)
1427,CORNELIS TOU(W)
1478,GILLES BORSSELAER
1479,GILLES BORSSELAER
1480,GILLES BORSSELAER
1481,GILLES BORSSELAER
1482,GILLES BORSSELAER
1483,GILLES BORSSELAER
1484,GILLES BORSSELAER
1485,GILLES BORSSELAER
1486,GILLES BORSSELAER
1487,GILLES BORSSELAER
1488,GILLES BORSSELAER
1489,GILLES BORSSELAER
1490,GILLES BORSSELAER
1491,GILLES BORSSELAER
1492,GILLES BORSSELAER
1493,GILLES BORSSELAER
1494,GILLES BORSSELAER
1495,GILLES BORSSELAER
1496,GILLES BORSSELAER
1609,EDUARDO PELS
1610,EDUARDO PELS
1611,EDUARDO PELS
1612,BARENT COOP VAN GROEN
1613,BARENT COOP VAN GROEN
1614,BARENT COOP VAN GROEN
1615A,BARENT COOP VAN GROEN
1615B,BARENT COOP VAN GROEN
1632,DAVID DE L'HOMMEL
1633,DAVID DE L'HOMMEL
1634,DAVID DE L'HOMMEL
1635,DAVID DE L'HOMMEL
1639,NICOLAAS HENDRIXSZ
1640A,NICOLAAS HENDRIXSZ
1640B,NICOLAAS HENDRIXSZ
1652,JOAN VAN DER HOEVEN
1653,JOAN VAN DER HOEVEN
1654,JOAN VAN DER HOEVEN
1655,JOAN VAN DER HOEVEN
1656,JOAN VAN DER HOEVEN
1657,JOAN VAN DER HOEVEN
1658A,JOAN VAN DER HOEVEN
1658B,JOAN VAN DER HOEVEN
1740,HENRICK WEVERINGH
1741,HENRICK WEVERINGH
1846,NICOLAS KRUIJS
1847,NICOLAS KRUIJS
1848,NICOLAS KRUIJS
1849,NICOLAS KRUIJS
1850,NICOLAS KRUIJS
1851,NICOLAS KRUIJS
1852,NICOLAS KRUIJS
1853,NICOLAS KRUIJS
1854,NICOLAS KRUIJS
1855,NICOLAS KRUIJS
1856,NICOLAS KRUIJS
1865,FRANS UIJTTENBOGAERT
1866,FRANS UIJTTENBOGAERT
1867,FRANS UIJTTENBOGAERT
1868,FRANS UIJTTENBOGAERT
1869,FRANS UIJTTENBOGAERT
1870,FRANS UIJTTENBOGAERT
1871,FRANS UIJTTENBOGAERT
1872,FRANS UIJTTENBOGAERT
1873,FRANS UIJTTENBOGAERT
1874,FRANS UIJTTENBOGAERT
1875,FRANS UIJTTENBOGAERT
1879,FRANS UIJTTENBOGAERT
1880,FRANS UIJTTENBOGAERT
1881,FRANS UIJTTENBOGAERT
1882,FRANS UIJTTENBOGAERT
1883,FRANS UIJTTENBOGAERT
1884,FRANS UIJTTENBOGAERT
1885,FRANS UIJTTENBOGAERT
1886,FRANS UIJTTENBOGAERT
1887,FRANS UIJTTENBOGAERT
1888,FRANS UIJTTENBOGAERT
1889,FRANS UIJTTENBOGAERT
1890,FRANS UIJTTENBOGAERT
1891,FRANS UIJTTENBOGAERT
1892,FRANS UIJTTENBOGAERT
1893,FRANS UIJTTENBOGAERT
1894,FRANS UIJTTENBOGAERT
1895,FRANS UIJTTENBOGAERT
1896,FRANS UIJTTENBOGAERT
1897,FRANS UIJTTENBOGAERT
1898,FRANS UIJTTENBOGAERT
1899,FRANS UIJTTENBOGAERT
1900,FRANS UIJTTENBOGAERT
1901,FRANS UIJTTENBOGAERT
1902,FRANS UIJTTENBOGAERT
1903,FRANS UIJTTENBOGAERT
1904,FRANS UIJTTENBOGAERT
1905,FRANS UIJTTENBOGAERT
1906,FRANS UIJTTENBOGAERT
1907,FRANS UIJTTENBOGAERT
1914,FRANS UIJTTENBOGAERT
1915,FRANS UIJTTENBOGAERT
1926,DAVID DOORNICK
1927,DAVID DOORNICK
1928,DAVID DOORNICK
1929,DAVID DOORNICK
1930,DAVID DOORNICK
1931,DAVID DOORNICK
1932,DAVID DOORNICK
1933,DAVID DOORNICK
1934,DAVID DOORNICK
1935,DAVID DOORNICK
1936,DAVID DOORNICK
1937,DAVID DOORNICK
1938,DAVID DOORNICK
1939,DAVID DOORNICK
1940,DAVID DOORNICK
1941,DAVID DOORNICK
1942,DAVID DOORNICK
1943,DAVID DOORNICK
1944,DAVID DOORNICK
1945,DAVID DOORNICK
1946,DAVID DOORNICK
1947,DAVID DOORNICK
1948,DAVID DOORNICK
1949,DAVID DOORNICK
1950,DAVID DOORNICK
1951,DAVID DOORNICK
1952,DAVID DOORNICK
1953,DAVID DOORNICK
1954,DAVID DOORNICK
1955,DAVID DOORNICK
1956,DAVID DOORNICK
1957,DAVID DOORNICK
1958,DAVID DOORNICK
1959,DAVID DOORNICK
1960,DAVID DOORNICK
1961,DAVID DOORNICK
1962,DAVID DOORNICK
1963,DAVID DOORNICK
1964,DAVID DOORNICK
1965,DAVID DOORNICK
1966,DAVID DOORNICK
1967,DAVID DOORNICK
1968,DAVID DOORNICK
1969,DAVID DOORNICK
1970A,DAVID DOORNICK
1970B,DAVID DOORNICK
1971,JACOB VAN LOOSDRECHT
1972,JACOB VAN LOOSDRECHT
1973,JACOB VAN LOOSDRECHT
1974,JACOB VAN LOOSDRECHT
1975,JACOB VAN LOOSDRECHT
1976,JACOB VAN LOOSDRECHT
1977A,JACOB VAN LOOSDRECHT
1977B,JACOB VAN LOOSDRECHT
1978,JACOB VAN LOOSDRECHT
1979,JACOB VAN LOOSDRECHT
1980,JACOB VAN LOOSDRECHT
1981,JACOB VAN LOOSDRECHT
1982,JACOB VAN LOOSDRECHT
1983,JACOB VAN LOOSDRECHT
1984,JACOB VAN LOOSDRECHT
1985,JACOB VAN LOOSDRECHT
1986,JACOB VAN LOOSDRECHT
1987A,JACOB VAN LOOSDRECHT
1987B,JACOB VAN LOOSDRECHT
1988,JACOB VAN LOOSDRECHT
1989,JACOB VAN LOOSDRECHT
1990,JACOB VAN LOOSDRECHT
1991,JACOB VAN LOOSDRECHT
1992,JACOB VAN LOOSDRECHT
1993,JACOB VAN LOOSDRECHT
1994,JACOB VAN LOOSDRECHT
1995,JACOB VAN LOOSDRECHT
1996A,JACOB VAN LOOSDRECHT
1996B,JACOB VAN LOOSDRECHT
1997,JACOB VAN LOOSDRECHT
1998,JACOB VAN LOOSDRECHT
1999,JACOB VAN LOOSDRECHT
2000,JACOB VAN LOOSDRECHT
2001,JACOB VAN LOOSDRECHT
2002,JACOB VAN LOOSDRECHT
2003,JACOB VAN LOOSDRECHT
2004A,JACOB VAN LOOSDRECHT
2004B,JACOB VAN LOOSDRECHT
2005A,JACOB VAN LOOSDRECHT
2005B,JACOB VAN LOOSDRECHT
2006A,JACOB VAN LOOSDRECHT
2006B,JACOB VAN LOOSDRECHT
2007A,JACOB VAN LOOSDRECHT
2007B,JACOB VAN LOOSDRECHT
2008A,JACOB VAN LOOSDRECHT
2008B,JACOB VAN LOOSDRECHT
2009A,JACOB VAN LOOSDRECHT
2009B,JACOB VAN LOOSDRECHT
2010A,JACOB VAN LOOSDRECHT
2010B,JACOB VAN LOOSDRECHT
2011A,JACOB VAN LOOSDRECHT
2011B,JACOB VAN LOOSDRECHT
2012A,JACOB VAN LOOSDRECHT
2012B,JACOB VAN LOOSDRECHT
2013A,JACOB VAN LOOSDRECHT
2013B,JACOB VAN LOOSDRECHT
2014A,JACOB VAN LOOSDRECHT
2014B,JACOB VAN LOOSDRECHT
2015A,JACOB VAN LOOSDRECHT
2015B,JACOB VAN LOOSDRECHT
2016A,JACOB VAN LOOSDRECHT
2016B,JACOB VAN LOOSDRECHT
2017A,JACOB VAN LOOSDRECHT
2017B,JACOB VAN LOOSDRECHT
2018,JACOB VAN LOOSDRECHT
2037,JOHANNES HELLERUS
2038,JOHANNES HELLERUS
2039,JOHANNES HELLERUS
2040,JOHANNES HELLERUS
2041,JOHANNES HELLERUS
2042,JOHANNES HELLERUS
2043,JOHANNES HELLERUS
2044,JOHANNES HELLERUS
2045,JOHANNES HELLERUS
2046,JOHANNES HELLERUS
2047,JOHANNES HELLERUS
2048,JOHANNES HELLERUS
2091,FRANCOIS MEERHOUT
2092,FRANCOIS MEERHOUT
2093,FRANCOIS MEERHOUT
2094,FRANCOIS MEERHOUT
2095,FRANCOIS MEERHOUT
2096,FRANCOIS MEERHOUT
2097,FRANCOIS MEERHOUT
2098A,FRANCOIS MEERHOUT
2098B,FRANCOIS MEERHOUT
2098C,FRANCOIS MEERHOUT
2099,FRANCOIS MEERHOUT
2100,FRANCOIS MEERHOUT
2101A,FRANCOIS MEERHOUT
2101B,FRANCOIS MEERHOUT
2101C,FRANCOIS MEERHOUT
2102A,FRANCOIS MEERHOUT
2102B,FRANCOIS MEERHOUT
2103,FRANCOIS MEERHOUT
2163,ADRIAEN LOCK
2164,ADRIAEN LOCK
2165,ADRIAEN LOCK
2166,ADRIAEN LOCK
2167,ADRIAEN LOCK
2168,ADRIAEN LOCK
2169,ADRIAEN LOCK
2170,ADRIAEN LOCK
2171,ADRIAEN LOCK
2172,ADRIAEN LOCK
2173,ADRIAEN LOCK
2174,ADRIAEN LOCK
2175,ADRIAEN LOCK
2176,ADRIAEN LOCK
2177,ADRIAEN LOCK
2178,ADRIAEN LOCK
2179,ADRIAEN LOCK
2180,ADRIAEN LOCK
2181,ADRIAEN LOCK
2182,ADRIAEN LOCK
2183,ADRIAEN LOCK
2184,ADRIAEN LOCK
2185,ADRIAEN LOCK
2186,ADRIAEN LOCK
2187A,ADRIAEN LOCK
2187B,ADRIAEN LOCK
2188A,ADRIAEN LOCK
2188B,ADRIAEN LOCK
2189A,ADRIAEN LOCK
2189B,ADRIAEN LOCK
2190,ADRIAEN LOCK
2191,ADRIAEN LOCK
2192,ADRIAEN LOCK
2193,ADRIAEN LOCK
2194,ADRIAEN LOCK
2195,ADRIAEN LOCK
2196,ADRIAEN LOCK
2197,ADRIAEN LOCK
2198,ADRIAEN LOCK
2199,ADRIAEN LOCK
2200,ADRIAEN LOCK
2201,ADRIAEN LOCK
2202,ADRIAEN LOCK
2203,ADRIAEN LOCK
2204,ADRIAEN LOCK
2205,ADRIAEN LOCK
2206,ADRIAEN LOCK
2207,ADRIAEN LOCK
2208,ADRIAEN LOCK
2209,ADRIAEN LOCK
2210,ADRIAEN LOCK
2211,ADRIAEN LOCK
2212A,ADRIAEN LOCK
2212B,ADRIAEN LOCK
2213A,ADRIAEN LOCK
2213B,ADRIAEN LOCK
2214A,ADRIAEN LOCK
2214B,ADRIAEN LOCK
2215A,ADRIAEN LOCK
2215B,ADRIAEN LOCK
2216A,ADRIAEN LOCK
2216B,ADRIAEN LOCK
2217A,ADRIAEN LOCK
2217B,ADRIAEN LOCK
2218A,ADRIAEN LOCK
2218B,ADRIAEN LOCK
2219A,ADRIAEN LOCK
2219B,ADRIAEN LOCK
2220,ADRIAEN LOCK
2221,ADRIAEN LOCK
2222,ADRIAEN LOCK
2223,ADRIAEN LOCK
2224,ADRIAEN LOCK
2225,ADRIAEN LOCK
2226,ADRIAEN LOCK
2227,ADRIAEN LOCK
2228,ADRIAEN LOCK
2229,ADRIAEN LOCK
2230,ADRIAEN LOCK
2231,ADRIAEN LOCK
2232,ADRIAEN LOCK
2233,ADRIAEN LOCK
2234,ADRIAEN LOCK
2235,ADRIAEN LOCK
2236,ADRIAEN LOCK
2237,ADRIAEN LOCK
2238,ADRIAEN LOCK
2239,ADRIAEN LOCK
2240,ADRIAEN LOCK
2241A,ADRIAEN LOCK
2241B,ADRIAEN LOCK
2242A,ADRIAEN LOCK
2242B,ADRIAEN LOCK
2243,ADRIAEN LOCK
2244A,ADRIAEN LOCK
2244B,ADRIAEN LOCK
2245,ADRIAEN LOCK
2246,ADRIAEN LOCK
2247,ADRIAEN LOCK
2248,ADRIAEN LOCK
2249A,ADRIAEN LOCK
2249B,ADRIAEN LOCK
2250A,ADRIAEN LOCK
2250B,ADRIAEN LOCK
2251,ADRIAEN LOCK
2252,ADRIAEN LOCK
2253,ADRIAEN LOCK
2254,ADRIAEN LOCK
2255A,ADRIAEN LOCK
2255B,ADRIAEN LOCK
2256,ADRIAEN LOCK
2257,ADRIAEN LOCK
2258,ADRIAEN LOCK
2259,ADRIAEN LOCK
2261A,ADRIAEN LOCK
2261B,ADRIAEN LOCK
2262A,ADRIAEN LOCK
2262B,ADRIAEN LOCK
2263,ADRIAEN LOCK
2264,ADRIAEN LOCK
2265,ADRIAEN LOCK
2266,ADRIAEN LOCK
2267,ADRIAEN LOCK
2268,ADRIAEN LOCK
2269,ADRIAEN LOCK
2270,ADRIAEN LOCK
2271,ADRIAEN LOCK
2272,ADRIAEN LOCK
2278,JACOB DE WINTER
2279,JACOB DE WINTER
2280,JACOB DE WINTER
2281,JACOB DE WINTER
2282,JACOB DE WINTER
2283,JACOB DE WINTER
2284,JACOB DE WINTER
2285,JACOB DE WINTER
2286,JACOB DE WINTER
2287,JACOB DE WINTER
2288,JACOB DE WINTER
2289,JACOB DE WINTER
2290,JACOB DE WINTER
2291,JACOB DE WINTER
2292,JACOB DE WINTER
2293,JACOB DE WINTER
2294,JACOB DE WINTER
2295,JACOB DE WINTER
2296,JACOB DE WINTER
2297,JACOB DE WINTER
2298,JACOB DE WINTER
2299,JACOB DE WINTER
2300,JACOB DE WINTER
2301,JACOB DE WINTER
2302,JACOB DE WINTER
2303,JACOB DE WINTER
2304,JACOB DE WINTER
2305,JACOB DE WINTER
2306,JACOB DE WINTER
2307,JACOB DE WINTER
2308,JACOB DE WINTER
2309,JACOB DE WINTER
2310,JACOB DE WINTER
2311,JACOB DE WINTER
2312,JACOB DE WINTER
2313,JACOB DE WINTER
2314,JACOB DE WINTER
2315,JACOB DE WINTER
2316,JACOB DE WINTER
2317,JACOB DE WINTER
2318,JACOB DE WINTER
2319,JACOB DE WINTER
2320,JACOB DE WINTER
2321,JACOB DE WINTER
2322,JACOB DE WINTER
2323,JACOB DE WINTER
2324,JACOB DE WINTER
2325,JACOB DE WINTER
2326,JACOB DE WINTER
2327,JACOB DE WINTER
2328,JACOB DE WINTER
2329,JACOB DE WINTER
2330,JACOB DE WINTER
2331,JACOB DE WINTER
2332,JACOB DE WINTER
2333,JACOB DE WINTER
2334,JACOB DE WINTER
2335,JACOB DE WINTER
2336,JACOB DE WINTER
2337,JACOB DE WINTER
2338,JACOB DE WINTER
2339,JACOB DE WINTER
2340,JACOB DE WINTER
2341,JACOB DE WINTER
2342,JACOB DE WINTER
2343,JACOB DE WINTER
2344,JACOB DE WINTER
2345,JACOB DE WINTER
2346,JACOB DE WINTER
2347,JACOB DE WINTER
2348,JACOB DE WINTER
2349,JACOB DE WINTER
2350,JACOB DE WINTER
2351,JACOB DE WINTER
2352,JACOB DE WINTER
2353,JACOB DE WINTER
2354,JACOB DE WINTER
2355,JACOB DE WINTER
2356,JACOB DE WINTER
2357,JACOB DE WINTER
2358,JACOB DE WINTER
2359,JACOB DE WINTER
2360,JACOB DE WINTER
2361,JACOB DE WINTER
2362,JACOB DE WINTER
2363,JACOB DE WINTER
2364,JACOB DE WINTER
2365,JACOB DE WINTER
2366,JACOB DE WINTER
2367,JACOB DE WINTER
2368,JACOB DE WINTER
2369,JACOB DE WINTER
2370,JACOB DE WINTER
2371,JACOB DE WINTER
2372,JACOB DE WINTER
2373,JACOB DE WINTER
2374,JACOB DE WINTER
2375,JACOB DE WINTER
2376,JACOB DE WINTER
2377,JACOB DE WINTER
2378,JACOB DE WINTER
2379,JACOB DE WINTER
2380,JACOB DE WINTER
2381,JACOB DE WINTER
2382,JACOB DE WINTER
2383,JACOB DE WINTER
2384,JACOB DE WINTER
2385,JACOB DE WINTER
2386,JACOB DE WINTER
2387,JACOB DE WINTER
2388,JACOB DE WINTER
2389,JACOB DE WINTER
2390,JACOB DE WINTER
2391,JACOB DE WINTER
2392,JACOB DE WINTER
2393,JACOB DE WINTER
2394,JACOB DE WINTER
2395,JACOB DE WINTER
2396,JACOB DE WINTER
2397,JACOB DE WINTER
2398,JACOB DE WINTER
2399,JACOB DE WINTER
2400,JACOB DE WINTER
2401,JACOB DE WINTER
2402,JACOB DE WINTER
2403,JACOB DE WINTER
2404,JACOB DE WINTER
2405,JACOB DE WINTER
2406,JACOB DE WINTER
2407,JACOB DE WINTER
2408,JACOB DE WINTER
2409,JACOB DE WINTER
2410,JACOB DE WINTER
2411A,JACOB DE WINTER
2411B,JACOB DE WINTER
2412A,JACOB DE WINTER
2412B,JACOB DE WINTER
2413,JACOB DE WINTER
2414,JACOB DE WINTER
2415,JACOB DE WINTER
2416,JACOB DE WINTER
2417,JACOB DE WINTER
2418,JACOB DE WINTER
2419,JACOB DE WINTER
2451,REINIER DUEE
2452,REINIER DUEE
2453,REINIER DUEE
2454,REINIER DUEE
2455,REINIER DUEE
2456,REINIER DUEE
2457,REINIER DUEE
2458,REINIER DUEE
2459,REINIER DUEE
2460,REINIER DUEE
2461,REINIER DUEE
2462,REINIER DUEE
2463,REINIER DUEE
2464,REINIER DUEE
2465,REINIER DUEE
2466,REINIER DUEE
2467,REINIER DUEE
2468,REINIER DUEE
2469,REINIER DUEE
2470,REINIER DUEE
2471,REINIER DUEE
2472,REINIER DUEE
2473,REINIER DUEE
2474,REINIER DUEE
2475,REINIER DUEE
2476,REINIER DUEE
2477,REINIER DUEE
2571,CORNELIS DE GRIJP
2572,CORNELIS DE GRIJP
2572A,CORNELIS DE GRIJP
2573,CORNELIS DE GRIJP
2574,CORNELIS DE GRIJP
2575,CORNELIS DE GRIJP
2576,CORNELIS DE GRIJP
2577,CORNELIS DE GRIJP
2578,CORNELIS DE GRIJP
2579,CORNELIS DE GRIJP
2580,CORNELIS DE GRIJP
2581,CORNELIS DE GRIJP
2582,CORNELIS DE GRIJP
2583,CORNELIS DE GRIJP
2584,CORNELIS DE GRIJP
2585,CORNELIS DE GRIJP
2586,CORNELIS DE GRIJP
2587,CORNELIS DE GRIJP
2588,CORNELIS DE GRIJP
2589,CORNELIS DE GRIJP
2590,CORNELIS DE GRIJP
2591,CORNELIS DE GRIJP
2592,CORNELIS DE GRIJP
2593,CORNELIS DE GRIJP
2594,CORNELIS DE GRIJP
2595,CORNELIS DE GRIJP
2596,CORNELIS DE GRIJP
2597,CORNELIS DE GRIJP
2598,CORNELIS DE GRIJP
2599,CORNELIS DE GRIJP
2600,CORNELIS DE GRIJP
2601,CORNELIS DE GRIJP
2602,CORNELIS DE GRIJP
2603,CORNELIS DE GRIJP
2604,CORNELIS DE GRIJP
2605,CORNELIS DE GRIJP
2606,CORNELIS DE GRIJP
2607,CORNELIS DE GRIJP
2608,CORNELIS DE GRIJP
2609,CORNELIS DE GRIJP
2610,CORNELIS DE GRIJP
2734A,JAN HENDRICKZ. LEUVEN
2734B,JAN HENDRICKZ. LEUVEN
2735A,JAN HENDRICKZ. LEUVEN
2735B,JAN HENDRICKZ. LEUVEN
2736A,JAN HENDRICKZ. LEUVEN
2736B,JAN HENDRICKZ. LEUVEN
2737,JAN HENDRICKZ. LEUVEN
2738,JAN HENDRICKZ. LEUVEN
2739,JAN HENDRICKZ. LEUVEN
2740,JAN HENDRICKZ. LEUVEN
2741A,JAN HENDRICKZ. LEUVEN
2741B,JAN HENDRICKZ. LEUVEN
2742,PIETER VAN BUIJTENE
2743,PIETER VAN BUIJTENE
2744,PIETER VAN BUIJTENE
2745,PIETER VAN BUIJTENE
2746,PIETER VAN BUIJTENE
2747,PIETER VAN BUIJTENE
2748,PIETER VAN BUIJTENE
2749,PIETER VAN BUIJTENE
2750,PIETER VAN BUIJTENE
2751,PIETER VAN BUIJTENE
2752,PIETER VAN BUIJTENE
2753A,PIETER VAN BUIJTENE
2753B,PIETER VAN BUIJTENE
2754,PIETER VAN BUIJTENE
2755A,PIETER VAN BUIJTENE
2755B,PIETER VAN BUIJTENE
2756A,PIETER VAN BUIJTENE
2756B,PIETER VAN BUIJTENE
2757A,PIETER VAN BUIJTENE
2757B,PIETER VAN BUIJTENE
2758A,PIETER VAN BUIJTENE
2758B,PIETER VAN BUIJTENE
2759A,PIETER VAN BUIJTENE
2759B,PIETER VAN BUIJTENE
2760A,PIETER VAN BUIJTENE
2760B,PIETER VAN BUIJTENE
2761A,PIETER VAN BUIJTENE
2761B,PIETER VAN BUIJTENE
2762A,PIETER VAN BUIJTENE
2762B,PIETER VAN BUIJTENE
2763A,PIETER VAN BUIJTENE
2763B,PIETER VAN BUIJTENE
2764,PIETER VAN BUIJTENE
2765A,PIETER VAN BUIJTENE
2765B,PIETER VAN BUIJTENE
2766,PIETER VAN BUIJTENE
2767A,PIETER VAN BUIJTENE
2767B,PIETER VAN BUIJTENE
2768A,PIETER VAN BUIJTENE
2768B,PIETER VAN BUIJTENE
2769,PIETER VAN BUIJTENE
2770,PIETER VAN BUIJTENE
2771,PIETER VAN BUIJTENE
2772A,PIETER VAN BUIJTENE
2772B,PIETER VAN BUIJTENE
2773,PIETER VAN BUIJTENE
2774,PIETER VAN BUIJTENE
2775,PIETER VAN BUIJTENE
2776,PIETER VAN BUIJTENE
2777,PIETER VAN BUIJTENE
2778,PIETER VAN BUIJTENE
2779A,PIETER VAN BUIJTENE
2779B,PIETER VAN BUIJTENE
2780,PIETER VAN BUIJTENE
2781A,PIETER VAN BUIJTENE
2781B,PIETER VAN BUIJTENE
2782,PIETER VAN BUIJTENE
2783A,PIETER VAN BUIJTENE
2783B,PIETER VAN BUIJTENE
2784A,PIETER VAN BUIJTENE
2784B,PIETER VAN BUIJTENE
2785A,PIETER VAN BUIJTENE
2785B,PIETER VAN BUIJTENE
2786A,PIETER VAN BUIJTENE
2786B,PIETER VAN BUIJTENE
2787A,PIETER VAN BUIJTENE
2787B,PIETER VAN BUIJTENE
2788,PIETER VAN BUIJTENE
2789,PIETER VAN BUIJTENE
2790,PIETER VAN BUIJTENE
2791,PIETER VAN BUIJTENE
2792,PIETER VAN BUIJTENE
2793,PIETER VAN BUIJTENE
2794,PIETER VAN BUIJTENE
2795,PIETER VAN BUIJTENE
2796,PIETER VAN BUIJTENE
2797,PIETER VAN BUIJTENE
2798,PIETER VAN BUIJTENE
2799,PIETER VAN BUIJTENE
2873,WILLEM VAN VEEN
2874A,WILLEM VAN VEEN
2874B,WILLEM VAN VEEN
2875,WILLEM VAN VEEN
2876A,WILLEM VAN VEEN
2876B,WILLEM VAN VEEN
2877,WILLEM VAN VEEN
2878,WILLEM VAN VEEN
2879,WILLEM VAN VEEN
2880,WILLEM VAN VEEN
2881,WILLEM VAN VEEN
2882,WILLEM VAN VEEN
2883,WILLEM VAN VEEN
2884,WILLEM VAN VEEN
2885,WILLEM VAN VEEN
2964,JURIAN DE VOS
2965,JURIAN DE VOS
2966,JURIAN DE VOS
2967A,JURIAN DE VOS
2967B,JURIAN DE VOS
2968,JURIAN DE VOS
2969,JURIAN DE VOS
2970,JURIAN DE VOS
2971,JURIAN DE VOS
2972A,JURIAN DE VOS
2972B,JURIAN DE VOS
2973,JURIAN DE VOS
2974,JURIAN DE VOS
2975,JURIAN DE VOS
3027,HENRICK VENKEL
3028,HENRICK VENKEL
3093,JAN CRAMER
3094,JAN CRAMER
3095,JAN CRAMER
3096,JAN CRAMER
3097,JAN CRAMER
3142,HENDRICK ROSA
3143,HENDRICK ROSA
3144,HENDRICK ROSA
3155,JACOB  PONDT
3156A,JACOB  PONDT
3156B,JACOB  PONDT
3157,JACOB  PONDT
3158,JACOB  PONDT
3159,JACOB  PONDT
3160,JACOB  PONDT
3161,JACOB  PONDT
3162,JACOB  PONDT
3163,JACOB  PONDT
3164,JACOB  PONDT
3165,JACOB  PONDT
3166,JACOB  PONDT
3167,JACOB  PONDT
3168,JACOB  PONDT
3169,JACOB  PONDT
3170,JACOB  PONDT
3171,JACOB  PONDT
3172,JACOB  PONDT
3181A,HENDRICK BRUIJNENBURGH
3181B,HENDRICK BRUIJNENBURGH
3182,HENDRICK BRUIJNENBURGH
3183A,HENDRICK BRUIJNENBURGH
3183B,HENDRICK BRUIJNENBURGH
3184A,HENDRICK BRUIJNENBURGH
3184B,HENDRICK BRUIJNENBURGH
3185,HENDRICK BRUIJNENBURGH
3378,HENRICK OUTGERS
3379,HENRICK OUTGERS
3380,HENRICK OUTGERS
3381,HENRICK OUTGERS
3382,HENRICK OUTGERS
3383,HENRICK OUTGERS
3384,HENRICK OUTGERS
3385,HENRICK OUTGERS
3386,HENRICK OUTGERS
3387,HENRICK OUTGERS
3388,HENRICK OUTGERS
3389,HENRICK OUTGERS
3390,HENRICK OUTGERS
3391,HENRICK OUTGERS
3392,HENRICK OUTGERS
3393,HENRICK OUTGERS
3394,HENRICK OUTGERS
3395,HENRICK OUTGERS
3396,HENRICK OUTGERS
3397,HENRICK OUTGERS
3398,HENRICK OUTGERS
3399,HENRICK OUTGERS
3414,JOHANNES OLI
3415,JOHANNES OLI
3416,JOHANNES OLI
3417,JOHANNES OLI
3418,JOHANNES OLI
3492,GERRIT VAN BREUGEL
3493A,GERRIT VAN BREUGEL
3493B,GERRIT VAN BREUGEL
3494A,GERRIT VAN BREUGEL
3494B,GERRIT VAN BREUGEL
3495,GERRIT VAN BREUGEL
3496,GERRIT VAN BREUGEL
3497,GERRIT VAN BREUGEL
3498,GERRIT VAN BREUGEL
3499,GERRIT VAN BREUGEL
3500,GERRIT VAN BREUGEL
3501,GERRIT VAN BREUGEL
3502,GERRIT VAN BREUGEL
3503,GERRIT VAN BREUGEL
3504,GERRIT VAN BREUGEL
3505,GERRIT VAN BREUGEL
3506,GERRIT VAN BREUGEL
3507,GERRIT VAN BREUGEL
3508,GERRIT VAN BREUGEL
3509,GERRIT VAN BREUGEL
3578,WILLEM VAN CEULEN
3603,ANTHONY VAN DE VEN
3659,ABRAHAM VAN DEN ENDE
3660,ABRAHAM VAN DEN ENDE
3661,ABRAHAM VAN DEN ENDE
3662,ABRAHAM VAN DEN ENDE
3663,ABRAHAM VAN DEN ENDE
3664,ABRAHAM VAN DEN ENDE
3665,ABRAHAM VAN DEN ENDE
3666,ABRAHAM VAN DEN ENDE
3667,ABRAHAM VAN DEN ENDE
3668,ABRAHAM VAN DEN ENDE
3669,ABRAHAM VAN DEN ENDE
3670,ABRAHAM VAN DEN ENDE
3671,ABRAHAM VAN DEN ENDE
3672,ABRAHAM VAN DEN ENDE
3673,ABRAHAM VAN DEN ENDE
3674,ABRAHAM VAN DEN ENDE
3675,ABRAHAM VAN DEN ENDE
3676,ABRAHAM VAN DEN ENDE
3978,NICOLAES BROUWER
3979,NICOLAES BROUWER
3980,NICOLAES BROUWER
3981,NICOLAES BROUWER
3982,NICOLAES BROUWER
3983,NICOLAES BROUWER
3984,NICOLAES BROUWER
3985,NICOLAES BROUWER
3986,NICOLAES BROUWER
3987,NICOLAES BROUWER
3988,NICOLAES BROUWER
3989,NICOLAES BROUWER
3990,NICOLAES BROUWER
3991,NICOLAES BROUWER
3992,NICOLAES BROUWER
3993,NICOLAES BROUWER
3994,NICOLAES BROUWER
3995,NICOLAES BROUWER
3996,NICOLAES BROUWER
3997,NICOLAES BROUWER
4073A,DIRK VAN DER GROE
4073B,DIRK VAN DER GROE
4074,DIRK VAN DER GROE
4075,DIRK VAN DER GROE
4076,DIRK VAN DER GROE
4077,DIRK VAN DER GROE
4078,DIRK VAN DER GROE
4079,DIRK VAN DER GROE
4080,DIRK VAN DER GROE
4081,DIRK VAN DER GROE
4082,DIRK VAN DER GROE
4083,DIRK VAN DER GROE
4084,DIRK VAN DER GROE
4085,DIRK VAN DER GROE
4086,DIRK VAN DER GROE
4087,DIRK VAN DER GROE
4088,DIRK VAN DER GROE
4089,DIRK VAN DER GROE
4090,DIRK VAN DER GROE
4091A,DIRK VAN DER GROE
4091B,DIRK VAN DER GROE
4092,DIRK VAN DER GROE
4093,DIRK VAN DER GROE
4094,DIRK VAN DER GROE
4095,DIRK VAN DER GROE
4096,DIRK VAN DER GROE
4097,DIRK VAN DER GROE
4098,DIRK VAN DER GROE
4099,DIRK VAN DER GROE
4100A,DIRK VAN DER GROE
4100B,DIRK VAN DER GROE
4101,DIRK VAN DER GROE
4102,DIRK VAN DER GROE
4103A,DIRK VAN DER GROE
4103B,DIRK VAN DER GROE
4104,DIRK VAN DER GROE
4105A,DIRK VAN DER GROE
4105B,DIRK VAN DER GROE
4106A,DIRK VAN DER GROE
4106B,DIRK VAN DER GROE
4107,DIRK VAN DER GROE
4108,DIRK VAN DER GROE
4109,DIRK VAN DER GROE
4110A,DIRK VAN DER GROE
4110B,DIRK VAN DER GROE
4111A,DIRK VAN DER GROE
4111B,DIRK VAN DER GROE
4112A,DIRK VAN DER GROE
4112B,DIRK VAN DER GROE
4113,DIRK VAN DER GROE
4114,DIRK VAN DER GROE
4115,DIRK VAN DER GROE
4116,DIRK VAN DER GROE
4117,DIRK VAN DER GROE
4118,DIRK VAN DER GROE
4119,DIRK VAN DER GROE
4120,DIRK VAN DER GROE
4121,DIRK VAN DER GROE
4122,DIRK VAN DER GROE
4123,DIRK VAN DER GROE
4124,DIRK VAN DER GROE
4125,DIRK VAN DER GROE
4126,DIRK VAN DER GROE
4127,DIRK VAN DER GROE
4128,DIRK VAN DER GROE
4129,DIRK VAN DER GROE
4130,DIRK VAN DER GROE
4131,DIRK VAN DER GROE
4132,DIRK VAN DER GROE
4133,DIRK VAN DER GROE
4134,DIRK VAN DER GROE
4135,DIRK VAN DER GROE
4136,DIRK VAN DER GROE
4137,DIRK VAN DER GROE
4138,DIRK VAN DER GROE
4139,DIRK VAN DER GROE
4140,DIRK VAN DER GROE
4141,DIRK VAN DER GROE
4142,DIRK VAN DER GROE
4143,DIRK VAN DER GROE
4144A,DIRK VAN DER GROE
4144B,DIRK VAN DER GROE
4145,DIRK VAN DER GROE
4146,DIRK VAN DER GROE
4147,DIRK VAN DER GROE
4148,DIRK VAN DER GROE
4149,DIRK VAN DER GROE
4150,DIRK VAN DER GROE
4151,DIRK VAN DER GROE
4152A,DIRK VAN DER GROE
4152B,DIRK VAN DER GROE
4153,DIRK VAN DER GROE
4154,DIRK VAN DER GROE
4155,DIRK VAN DER GROE
4156,DIRK VAN DER GROE
4157,DIRK VAN DER GROE
4158,DIRK VAN DER GROE
4159,DIRK VAN DER GROE
4160,DIRK VAN DER GROE
4161,DIRK VAN DER GROE
4162,DIRK VAN DER GROE
4163,DIRK VAN DER GROE
4164,DIRK VAN DER GROE
4165,DIRK VAN DER GROE
4166A,DIRK VAN DER GROE
4166B,DIRK VAN DER GROE
4167,DIRK VAN DER GROE
4168,DIRK VAN DER GROE
4169,DIRK VAN DER GROE
4170,DIRK VAN DER GROE
4171A,DIRK VAN DER GROE
4171B,DIRK VAN DER GROE
4172A,DIRK VAN DER GROE
4172B,DIRK VAN DER GROE
4173,DIRK VAN DER GROE
4174,DIRK VAN DER GROE
4175,DIRK VAN DER GROE
4176,DIRK VAN DER GROE
4177,DIRK VAN DER GROE
4178,DIRK VAN DER GROE
4179,DIRK VAN DER GROE
4180,DIRK VAN DER GROE
4181A,DIRK VAN DER GROE
4181B,DIRK VAN DER GROE
4182A,DIRK VAN DER GROE
4182B,DIRK VAN DER GROE
4183,DIRK VAN DER GROE
4184,DIRK VAN DER GROE
4185,DIRK VAN DER GROE
4186A,DIRK VAN DER GROE
4186B,DIRK VAN DER GROE
4187A,DIRK VAN DER GROE
4187B,DIRK VAN DER GROE
4188,DIRK VAN DER GROE
4189,DIRK VAN DER GROE
4190,DIRK VAN DER GROE
4191,DIRK VAN DER GROE
4192,DIRK VAN DER GROE
4193,DIRK VAN DER GROE
4194,DIRK VAN DER GROE
4195A,DIRK VAN DER GROE
4195B,DIRK VAN DER GROE
4196,DIRK VAN DER GROE
4197,DIRK VAN DER GROE
4198,DIRK VAN DER GROE
4199,DIRK VAN DER GROE
4200,DIRK VAN DER GROE
4201,DIRK VAN DER GROE
4202,DIRK VAN DER GROE
4203,DIRK VAN DER GROE
4204,DIRK VAN DER GROE
4205,DIRK VAN DER GROE
4206,DIRK VAN DER GROE
4207,DIRK VAN DER GROE
4208,DIRK VAN DER GROE
4209,DIRK VAN DER GROE
4210,DIRK VAN DER GROE
4211,DIRK VAN DER GROE
4212,DIRK VAN DER GROE
4213,DIRK VAN DER GROE
4214,DIRK VAN DER GROE
4215A,DIRK VAN DER GROE
4215B,DIRK VAN DER GROE
4216A,DIRK VAN DER GROE
4216B,DIRK VAN DER GROE
4217,DIRK VAN DER GROE
4218A,DIRK VAN DER GROE
4218B,DIRK VAN DER GROE
4219,DIRK VAN DER GROE
4220,DIRK VAN DER GROE
4221,DIRK VAN DER GROE
4222,DIRK VAN DER GROE
4223A,DIRK VAN DER GROE
4223B,DIRK VAN DER GROE
4224A,DIRK VAN DER GROE
4224B,DIRK VAN DER GROE
4225,DIRK VAN DER GROE
4226,DIRK VAN DER GROE
4227,DIRK VAN DER GROE
4228,DIRK VAN DER GROE
4229,DIRK VAN DER GROE
4230,DIRK VAN DER GROE
4231,DIRK VAN DER GROE
4232,DIRK VAN DER GROE
4233,DIRK VAN DER GROE
4234,DIRK VAN DER GROE
4235,DIRK VAN DER GROE
4236,DIRK VAN DER GROE
4237,DIRK VAN DER GROE
4238,DIRK VAN DER GROE
4239,DIRK VAN DER GROE
4240,DIRK VAN DER GROE
4241,DIRK VAN DER GROE
4242,DIRK VAN DER GROE
4243,DIRK VAN DER GROE
4244,DIRK VAN DER GROE
4245,DIRK VAN DER GROE
4246,DIRK VAN DER GROE
4247,DIRK VAN DER GROE
4248,DIRK VAN DER GROE
4249,DIRK VAN DER GROE
4250,DIRK VAN DER GROE
4251,DIRK VAN DER GROE
4252,DIRK VAN DER GROE
4253A,DIRK VAN DER GROE
4253B,DIRK VAN DER GROE
4254A,DIRK VAN DER GROE
4254B,DIRK VAN DER GROE
4255,DIRK VAN DER GROE
4256,DIRK VAN DER GROE
4257,DIRK VAN DER GROE
4258,DIRK VAN DER GROE
4259,DIRK VAN DER GROE
4260,DIRK VAN DER GROE
4261,DIRK VAN DER GROE
4262,DIRK VAN DER GROE
4263,DIRK VAN DER GROE
4264,DIRK VAN DER GROE
4265,DIRK VAN DER GROE
4266,DIRK VAN DER GROE
4267,DIRK VAN DER GROE
4268,DIRK VAN DER GROE
4269,DIRK VAN DER GROE
4270,DIRK VAN DER GROE
4271,DIRK VAN DER GROE
4272,DIRK VAN DER GROE
4273,DIRK VAN DER GROE
4274,DIRK VAN DER GROE
4275,DIRK VAN DER GROE
4276,DIRK VAN DER GROE
4277,DIRK VAN DER GROE
4278,DIRK VAN DER GROE
4280,NICOLAES HEMMINCK
4281,NICOLAES HEMMINCK
4282,NICOLAES HEMMINCK
4283,NICOLAES HEMMINCK
4284,NICOLAES HEMMINCK
4285,NICOLAES HEMMINCK
4286,NICOLAES HEMMINCK
4287,NICOLAES HEMMINCK
4288,NICOLAES HEMMINCK
4289,NICOLAES HEMMINCK
4290,NICOLAES HEMMINCK
4291,NICOLAES HEMMINCK
4292,NICOLAES HEMMINCK
4293,NICOLAES HEMMINCK
4294,NICOLAES HEMMINCK
4295,NICOLAES HEMMINCK
4296,NICOLAES HEMMINCK
4297,NICOLAES HEMMINCK
4298,NICOLAES HEMMINCK
4299,NICOLAES HEMMINCK
4300,NICOLAES HEMMINCK
4301,NICOLAES HEMMINCK
4302,NICOLAES HEMMINCK
4303,NICOLAES HEMMINCK
4304,NICOLAES HEMMINCK
4305,NICOLAES HEMMINCK
4306,NICOLAES HEMMINCK
4307,NICOLAES HEMMINCK
4308,NICOLAES HEMMINCK
4309,NICOLAES HEMMINCK
4310,NICOLAES HEMMINCK
4311,NICOLAES HEMMINCK
4312,NICOLAES HEMMINCK
4313,NICOLAES HEMMINCK
4314,NICOLAES HEMMINCK
4315,NICOLAES HEMMINCK
4316,NICOLAES HEMMINCK
4317,NICOLAES HEMMINCK
4318,NICOLAES HEMMINCK
4319,NICOLAES HEMMINCK
4320,NICOLAES HEMMINCK
4321,NICOLAES HEMMINCK
4322,NICOLAES HEMMINCK
4323,NICOLAES HEMMINCK
4324,NICOLAES HEMMINCK
4325,NICOLAES HEMMINCK
4326,NICOLAES HEMMINCK
4327,NICOLAES HEMMINCK
4328,NICOLAES HEMMINCK
4329,NICOLAES HEMMINCK
4330,NICOLAES HEMMINCK
4331,NICOLAES HEMMINCK
4332,NICOLAES HEMMINCK
4333,NICOLAES HEMMINCK
4334,NICOLAES HEMMINCK
4335,NICOLAES HEMMINCK
4336,NICOLAES HEMMINCK
4337,NICOLAES HEMMINCK
4338,NICOLAES HEMMINCK
4339,NICOLAES HEMMINCK
4340,NICOLAES HEMMINCK
4341,NICOLAES HEMMINCK
4342,NICOLAES HEMMINCK
4343,NICOLAES HEMMINCK
4344,NICOLAES HEMMINCK
4345,NICOLAES HEMMINCK
4346,NICOLAES HEMMINCK
4347,NICOLAES HEMMINCK
4348,NICOLAES HEMMINCK
4349,NICOLAES HEMMINCK
4350,NICOLAES HEMMINCK
4351,NICOLAES HEMMINCK
4352,NICOLAES HEMMINCK
4353,NICOLAES HEMMINCK
4354,NICOLAES HEMMINCK
4355,NICOLAES HEMMINCK
4355A,NICOLAES HEMMINCK
4356,NICOLAES HEMMINCK
4357,NICOLAES HEMMINCK
4358,NICOLAES HEMMINCK
4416A,MICHIEL BOCKX
4416B,MICHIEL BOCKX
4416C,MICHIEL BOCKX
4417A,MICHIEL BOCKX
4417B,MICHIEL BOCKX
4417C,MICHIEL BOCKX
4418A,MICHIEL BOCKX
4418B,MICHIEL BOCKX
4419A,MICHIEL BOCKX
4419B,MICHIEL BOCKX
4419C,MICHIEL BOCKX
4419D,MICHIEL BOCKX
4420A,MICHIEL BOCKX
4420B,MICHIEL BOCKX
4420C,MICHIEL BOCKX
4420D,MICHIEL BOCKX
4421A,MICHIEL BOCKX
4421B,MICHIEL BOCKX
4726,JACOB LANSMAN
4727,JACOB LANSMAN
4728,JACOB LANSMAN
4729,JACOB LANSMAN
4730,JACOB MEERHOUT
4731,JACOB MEERHOUT
4732,JACOB MEERHOUT
4733,JACOB MEERHOUT
4734,DAVID STAFMAEKER VARLET
4735,DAVID STAFMAEKER VARLET
4736,DAVID STAFMAEKER VARLET
4737,DAVID STAFMAEKER VARLET
4738,DAVID STAFMAEKER VARLET
4739,DAVID STAFMAEKER VARLET
4740,DAVID STAFMAEKER VARLET
4741,DAVID STAFMAEKER VARLET
4742,DAVID STAFMAEKER VARLET
4743,DAVID STAFMAEKER VARLET
4744,DAVID STAFMAEKER VARLET
4745,DAVID STAFMAEKER VARLET
4746,DAVID STAFMAEKER VARLET
4747,DAVID STAFMAEKER VARLET
4748,DAVID STAFMAEKER VARLET
4749,DAVID STAFMAEKER VARLET
4750,DAVID STAFMAEKER VARLET
4751,DAVID STAFMAEKER VARLET
4752,DAVID STAFMAEKER VARLET
4753,DAVID STAFMAEKER VARLET
4754,DAVID STAFMAEKER VARLET
4755,DAVID STAFMAEKER VARLET
4756,DAVID STAFMAEKER VARLET
4757,DAVID STAFMAEKER VARLET
4758,DAVID STAFMAEKER VARLET
4759,DAVID STAFMAEKER VARLET
4760,DAVID STAFMAEKER VARLET
4761,DAVID STAFMAEKER VARLET
4762,DAVID STAFMAEKER VARLET
4763,DAVID STAFMAEKER VARLET
4764,DAVID STAFMAEKER VARLET
4783A,FRANCOIS MEERHOUT JR
4783B,FRANCOIS MEERHOUT JR
4783C,FRANCOIS MEERHOUT JR
4783D,FRANCOIS MEERHOUT JR
4784A,FRANCOIS MEERHOUT JR
4784B,FRANCOIS MEERHOUT JR
4785A,FRANCOIS MEERHOUT JR
4785B,FRANCOIS MEERHOUT JR
4785C,FRANCOIS MEERHOUT JR
4785D,FRANCOIS MEERHOUT JR
4786A,FRANCOIS MEERHOUT JR
4786B,FRANCOIS MEERHOUT JR
4787A,FRANCOIS MEERHOUT JR
4787B,FRANCOIS MEERHOUT JR
4787C,FRANCOIS MEERHOUT JR
4788A,FRANCOIS MEERHOUT JR
4788B,FRANCOIS MEERHOUT JR
4789A,FRANCOIS MEERHOUT JR
4789B,FRANCOIS MEERHOUT JR
4789C,FRANCOIS MEERHOUT JR
4790A,FRANCOIS MEERHOUT JR
4790B,FRANCOIS MEERHOUT JR
4791,FRANCOIS MEERHOUT JR
4792A,FRANCOIS MEERHOUT JR
4792B,FRANCOIS MEERHOUT JR
4792C,FRANCOIS MEERHOUT JR
4793A,FRANCOIS MEERHOUT JR
4793B,FRANCOIS MEERHOUT JR
4793C,FRANCOIS MEERHOUT JR
4794A,FRANCOIS MEERHOUT JR
4794B,FRANCOIS MEERHOUT JR
4794C,FRANCOIS MEERHOUT JR
4794D,FRANCOIS MEERHOUT JR
4795A,FRANCOIS MEERHOUT JR
4795B,FRANCOIS MEERHOUT JR
4795C,FRANCOIS MEERHOUT JR
4795D,FRANCOIS MEERHOUT JR
4796A,FRANCOIS MEERHOUT JR
4796B,FRANCOIS MEERHOUT JR
4797A,FRANCOIS MEERHOUT JR
4797B,FRANCOIS MEERHOUT JR
4798A,FRANCOIS MEERHOUT JR
4798B,FRANCOIS MEERHOUT JR
4798C,FRANCOIS MEERHOUT JR
4799A,FRANCOIS MEERHOUT JR
4799B,FRANCOIS MEERHOUT JR
4799C,FRANCOIS MEERHOUT JR
4800A,FRANCOIS MEERHOUT JR
4800B,FRANCOIS MEERHOUT JR
4800C,FRANCOIS MEERHOUT JR
4801A,FRANCOIS MEERHOUT JR
4801B,FRANCOIS MEERHOUT JR
4801C,FRANCOIS MEERHOUT JR
4802A,FRANCOIS MEERHOUT JR
4802B,FRANCOIS MEERHOUT JR
4802C,FRANCOIS MEERHOUT JR
4802D,FRANCOIS MEERHOUT JR
4803A,FRANCOIS MEERHOUT JR
4803B,FRANCOIS MEERHOUT JR
4803C,FRANCOIS MEERHOUT JR
4805,KORNELIS KOOP VAN GROEN
4806,KORNELIS KOOP VAN GROEN
4807,KORNELIS KOOP VAN GROEN
4808,KORNELIS KOOP VAN GROEN
4809,KORNELIS KOOP VAN GROEN
4874,WILHELMUS SIJLVIUS
4875,WILHELMUS SIJLVIUS
4876,WILHELMUS SIJLVIUS
4877,WILHELMUS SIJLVIUS
4878,WILHELMUS SIJLVIUS
4879,WILHELMUS SIJLVIUS
4880,WILHELMUS SIJLVIUS
4881,WILHELMUS SIJLVIUS
4882,WILHELMUS SIJLVIUS
4883,WILHELMUS SIJLVIUS
4884,WILHELMUS SIJLVIUS
4885,WILHELMUS SIJLVIUS
4886,WILHELMUS SIJLVIUS
4887,WILHELMUS SIJLVIUS
4888,WILHELMUS SIJLVIUS
4889,WILHELMUS SIJLVIUS
4890,WILHELMUS SIJLVIUS
4891,WILHELMUS SIJLVIUS
4892,WILHELMUS SIJLVIUS
4893,WILHELMUS SIJLVIUS
4894,WILHELMUS SIJLVIUS
4895,WILHELMUS SIJLVIUS
4896,WILHELMUS SIJLVIUS
4897,WILHELMUS SIJLVIUS
4898,WILHELMUS SIJLVIUS
4899,WILHELMUS SIJLVIUS
4900,WILHELMUS SIJLVIUS
4901,WILHELMUS SIJLVIUS
4902,WILHELMUS SIJLVIUS
4903,WILHELMUS SIJLVIUS
4904,WILHELMUS SIJLVIUS
4905,WILHELMUS SIJLVIUS
4906,WILHELMUS SIJLVIUS
4907,WILHELMUS SIJLVIUS
4908,WILHELMUS SIJLVIUS
4909,WILHELMUS SIJLVIUS
4910,WILHELMUS SIJLVIUS
4911,WILHELMUS SIJLVIUS
4912,WILHELMUS SIJLVIUS
4913,WILHELMUS SIJLVIUS
4914,WILHELMUS SIJLVIUS
4915,WILHELMUS SIJLVIUS
4916,WILHELMUS SIJLVIUS
4917,WILHELMUS SIJLVIUS
4918,WILHELMUS SIJLVIUS
4919,WILHELMUS SIJLVIUS
4920,WILHELMUS SIJLVIUS
4921,WILHELMUS SIJLVIUS
4922,WILHELMUS SIJLVIUS
4923,WILHELMUS SIJLVIUS
4924,WILHELMUS SIJLVIUS
4925,WILHELMUS SIJLVIUS
4926,WILHELMUS SIJLVIUS
4927,WILHELMUS SIJLVIUS
4928,WILHELMUS SIJLVIUS
4929,WILHELMUS SIJLVIUS
4930,WILHELMUS SIJLVIUS
4931,WILHELMUS SIJLVIUS
4932,WILHELMUS SIJLVIUS
4933,WILHELMUS SIJLVIUS
4934,WILHELMUS SIJLVIUS
4935,WILHELMUS SIJLVIUS
4936,WILHELMUS SIJLVIUS
4937,WILHELMUS SIJLVIUS
4938,WILHELMUS SIJLVIUS
4939,WILHELMUS SIJLVIUS
4940,WILHELMUS SIJLVIUS
4941,WILHELMUS SIJLVIUS
4942,WILHELMUS SIJLVIUS
4943,WILHELMUS SIJLVIUS
4944,WILHELMUS SIJLVIUS
4945,WILHELMUS SIJLVIUS
4946,WILHELMUS SIJLVIUS
4947,WILHELMUS SIJLVIUS
4948,WILHELMUS SIJLVIUS
4949,WILHELMUS SIJLVIUS
4950,WILHELMUS SIJLVIUS
4951,WILHELMUS SIJLVIUS
4952,WILHELMUS SIJLVIUS
4953,WILHELMUS SIJLVIUS
4954,WILHELMUS SIJLVIUS
4955,WILHELMUS SIJLVIUS
4956,WILHELMUS SIJLVIUS
4957,WILHELMUS SIJLVIUS
5057,MICHIEL SERVAES
5058,MICHIEL SERVAES
5059,MICHIEL SERVAES
5060,MICHIEL SERVAES
5061,MICHIEL SERVAES
5062,MICHIEL SERVAES
5063,MICHIEL SERVAES
5064,MICHIEL SERVAES
5065,MICHIEL SERVAES
5066,MICHIEL SERVAES
5067,MICHIEL SERVAES
5126,JOANNES BOOTS
5127,JOANNES BOOTS
5128,JOANNES BOOTS
5129,JOANNES BOOTS
5130,JOANNES BOOTS
5131,JOANNES BOOTS
5132,JOANNES BOOTS
5133,JOANNES BOOTS
5134,JOANNES BOOTS
5135,JOANNES BOOTS
5136,JOANNES BOOTS
5137,JOANNES BOOTS
5138,JOANNES BOOTS
5139,JOANNES BOOTS
5140,JOANNES BOOTS
5141,JOANNES BOOTS
5142,JOANNES BOOTS
5143,JOANNES BOOTS
5144,JOANNES BOOTS
5145,JOANNES BOOTS
5146,JOANNES BOOTS
5147,JOANNES BOOTS
5148,JOANNES BOOTS
5149,JOANNES BOOTS
5150,JOANNES BOOTS
5151,JOANNES BOOTS
5152,JOANNES BOOTS
5153,JOANNES BOOTS
5154,JOANNES BOOTS
5155,JOANNES BOOTS
5156,JOANNES BOOTS
5157,JOANNES BOOTS
5158,JOANNES BOOTS
5159,JOANNES BOOTS
5160,JOANNES BOOTS
5161,JOANNES BOOTS
5162,JOANNES BOOTS
5163,JOANNES BOOTS
5164,JOANNES BOOTS
5165,JOANNES BOOTS
5166,JOANNES BOOTS
5167,JOANNES BOOTS
5168,JOANNES BOOTS
5169,JOANNES BOOTS
5170,JOANNES BOOTS
5171,JOANNES BOOTS
5172,JOANNES BOOTS
5173,JOANNES BOOTS
5174,JOANNES BOOTS
5175,JOANNES BOOTS
5176,JOANNES BOOTS
5177,JOANNES BOOTS
5178,JOANNES BOOTS
5179,JOANNES BOOTS
5180,JOANNES BOOTS
5181,JOANNES BOOTS
5182,JOANNES BOOTS
5183,JOANNES BOOTS
5184,JOANNES BOOTS
5185,JOANNES BOOTS
5186,JOANNES BOOTS
5187,JOANNES BOOTS
5188,JOANNES BOOTS
5189,JOANNES BOOTS
5190,JOANNES BOOTS
5191,JOANNES BOOTS
5192,JOANNES BOOTS
5193,JOANNES BOOTS
5194,JOANNES BOOTS
5195,JOANNES BOOTS
5196,JOANNES BOOTS
5197,JOANNES BOOTS
5198,JOANNES BOOTS
5199,JOANNES BOOTS
5200,JOANNES BOOTS
5201,JOANNES BOOTS
5202,JOANNES BOOTS
5203,JOANNES BOOTS
5204,JOANNES BOOTS
5205,JOANNES BOOTS
5206,JOANNES BOOTS
5207,JOANNES BOOTS
5208,JOANNES BOOTS
5209,JOANNES BOOTS
5301,SIMON VAN SEVENHOVEN
5302,SIMON VAN SEVENHOVEN
5303,SIMON VAN SEVENHOVEN
5304,SIMON VAN SEVENHOVEN
5305,SIMON VAN SEVENHOVEN
5306,SIMON VAN SEVENHOVEN
5307,SIMON VAN SEVENHOVEN
5308,SIMON VAN SEVENHOVEN
5309,SIMON VAN SEVENHOVEN
5310,SIMON VAN SEVENHOVEN
5311,SIMON VAN SEVENHOVEN
5312,SIMON VAN SEVENHOVEN
5313,SIMON VAN SEVENHOVEN
5314,SIMON VAN SEVENHOVEN
5315,SIMON VAN SEVENHOVEN
5316,SIMON VAN SEVENHOVEN
5317,SIMON VAN SEVENHOVEN
5318,SIMON VAN SEVENHOVEN
5319,SIMON VAN SEVENHOVEN
5492A,CORNELIS VAN LEEUWAERDE
5492BA,CORNELIS VAN LEEUWAERDE
5492BB,CORNELIS VAN LEEUWAERDE
5492C,CORNELIS VAN LEEUWAERDE
5493A,CORNELIS VAN LEEUWAERDE
5493BA,CORNELIS VAN LEEUWAERDE
5493BB,CORNELIS VAN LEEUWAERDE
5493CA,CORNELIS VAN LEEUWAERDE
5493CB,CORNELIS VAN LEEUWAERDE
5493D,CORNELIS VAN LEEUWAERDE
5800,DAVID WALSCHAERT
5801,DAVID WALSCHAERT
5802,DAVID WALSCHAERT
5803,DAVID WALSCHAERT
5804,DAVID WALSCHAERT
5805,DAVID WALSCHAERT
5806,DAVID WALSCHAERT
5807,DAVID WALSCHAERT
5808A,DAVID WALSCHAERT
5808B,DAVID WALSCHAERT
5809,DAVID WALSCHAERT
5810,DAVID WALSCHAERT
5811A,DAVID WALSCHAERT
5811B,DAVID WALSCHAERT
5812,DAVID WALSCHAERT
5813,DAVID WALSCHAERT
5814,DAVID WALSCHAERT
5815,DAVID WALSCHAERT
5816,DAVID WALSCHAERT
5817,DAVID WALSCHAERT
5818A,DAVID WALSCHAERT
5818B,DAVID WALSCHAERT
5819,DAVID WALSCHAERT
5820,DAVID WALSCHAERT
5821A,DAVID WALSCHAERT
5821B,DAVID WALSCHAERT
5822A,DAVID WALSCHAERT
5822B,DAVID WALSCHAERT
5823,DAVID WALSCHAERT
5824,DAVID WALSCHAERT
5825A,DAVID WALSCHAERT
5825B,DAVID WALSCHAERT
5826,DAVID WALSCHAERT
5827A,DAVID WALSCHAERT
5827B,DAVID WALSCHAERT
5828,DAVID WALSCHAERT
5829,DAVID WALSCHAERT
5830,DAVID WALSCHAERT
5831,DAVID WALSCHAERT
5832,DAVID WALSCHAERT
5833,DAVID WALSCHAERT
5834,DAVID WALSCHAERT
5835,DAVID WALSCHAERT
5836,DAVID WALSCHAERT
5837,DAVID WALSCHAERT
5838,DAVID WALSCHAERT
6173,PIETER SCHABAELJE
6174,PIETER SCHABAELJE
6175,PIETER SCHABAELJE
6176,PIETER SCHABAELJE
6177,PIETER SCHABAELJE
6178,PIETER SCHABAELJE
6179,PIETER SCHABAELJE
6180,PIETER SCHABAELJE
6181,PIETER SCHABAELJE
6182,PIETER SCHABAELJE
6385,JOANNES VAN GEUNS
6386,JOANNES VAN GEUNS
6387,JOANNES VAN GEUNS
6388,JOANNES VAN GEUNS
6389,JOANNES VAN GEUNS
6390,JOANNES VAN GEUNS
6391,JOANNES VAN GEUNS
6740,CORNELIS WINTER
6741,CORNELIS WINTER
6742,CORNELIS WINTER
6743,CORNELIS WINTER
6924,DAVID DES POMMARE
6950A,CONRADUS VAN ULBENBROECK
6950B,CONRADUS VAN ULBENBROECK
6950C,CONRADUS VAN ULBENBROECK
6972,CORNELIS VAN LOON
7002,CORNELIS VAN LOON
7591,ABRAHAM TZEEWEN
7706,ABRAHAM TZEEWEN
8068,GERARD VAN ESTERWEGE
8069,GERARD VAN ESTERWEGE
8304A,WILLEM DE FAY
8304B,WILLEM DE FAY
8305A,WILLEM DE FAY
8305B,WILLEM DE FAY
8306A,WILLEM DE FAY
8306B,WILLEM DE FAY
8307A,WILLEM DE FAY
8307B,WILLEM DE FAY
8307C,WILLEM DE FAY
8308A,WILLEM DE FAY
8308B,WILLEM DE FAY
8563,ADRIAN BAARS
8564,ADRIAN BAARS
8565,ADRIAN BAARS
8566,ADRIAN BAARS
8567,ADRIAN BAARS
8568,ADRIAN BAARS
8569,ADRIAN BAARS
8570,ADRIAN BAARS
8571,ADRIAN BAARS
8572,ADRIAN BAARS
8573,ADRIAN BAARS
8574,ADRIAN BAARS
8575,ADRIAN BAARS
8576,ADRIAN BAARS
8577,ADRIAN BAARS
8578,ADRIAN BAARS
8579,ADRIAN BAARS
8580,ADRIAN BAARS
8581,ADRIAN BAARS
8582,ADRIAN BAARS
8583,ADRIAN BAARS
8584,ADRIAN BAARS
8585,ADRIAN BAARS
8586,ADRIAN BAARS
8587,ADRIAN BAARS
8588,ADRIAN BAARS
8589,ADRIAN BAARS
8590,ADRIAN BAARS
8591,ADRIAN BAARS
8592,ADRIAN BAARS
8593,ADRIAN BAARS
8594,ADRIAN BAARS
8595,ADRIAN BAARS
8596,ADRIAN BAARS
8597,ADRIAN BAARS
8598,ADRIAN BAARS
8599,ADRIAN BAARS
8600,ADRIAN BAARS
8601,ADRIAN BAARS
8602,ADRIAN BAARS
8603,ADRIAN BAARS
8604,ADRIAN BAARS
8605,ADRIAN BAARS
8606,ADRIAN BAARS
8607,ADRIAN BAARS
8608,ADRIAN BAARS
8609,ADRIAN BAARS
8610,ADRIAN BAARS
8611,ADRIAN BAARS
8612,ADRIAN BAARS
8613,ADRIAN BAARS
8614,ADRIAN BAARS
8615,ADRIAN BAARS
8616,ADRIAN BAARS
8617,ADRIAN BAARS
8618,ADRIAN BAARS
8619,ADRIAN BAARS
8620,ADRIAN BAARS
8621,ADRIAN BAARS
8622,ADRIAN BAARS
8623,ADRIAN BAARS
8624,ADRIAN BAARS
8625,ADRIAN BAARS
8626,ADRIAN BAARS
8627,ADRIAN BAARS
8628,ADRIAN BAARS
8629,ADRIAN BAARS
8630,ADRIAN BAARS
8631,ADRIAN BAARS
8632,ADRIAN BAARS
8633,ADRIAN BAARS
8634,ADRIAN BAARS
8635,ADRIAN BAARS
8636,ADRIAN BAARS
8637,ADRIAN BAARS
8638,ADRIAN BAARS
8639,ADRIAN BAARS
8640,ADRIAN BAARS
8641,ADRIAN BAARS
8642,ADRIAN BAARS
8643,ADRIAN BAARS
8644,ADRIAN BAARS
8645,ADRIAN BAARS
8646,ADRIAN BAARS
8647,ADRIAN BAARS
8648,ADRIAN BAARS
8649,ADRIAN BAARS
8650,ADRIAN BAARS
8651,ADRIAN BAARS
8652,ADRIAN BAARS
8653,ADRIAN BAARS
8654,ADRIAN BAARS
8655,ADRIAN BAARS
8656,ADRIAN BAARS
8657,ADRIAN BAARS
8658,ADRIAN BAARS
8659,ADRIAN BAARS
8660,ADRIAN BAARS
8661,ADRIAN BAARS
8662,ADRIAN BAARS
8663,ADRIAN BAARS
8664,ADRIAN BAARS
8665,ADRIAN BAARS
8666,ADRIAN BAARS
8667,ADRIAN BAARS
8668,ADRIAN BAARS
8669,ADRIAN BAARS
8670,ADRIAN BAARS
8671,ADRIAN BAARS
8672,ADRIAN BAARS
8673,ADRIAN BAARS
8674,ADRIAN BAARS
8675,ADRIAN BAARS
8676,ADRIAN BAARS
8677,ADRIAN BAARS
8678,ADRIAN BAARS
8679,ADRIAN BAARS
8680,ADRIAN BAARS
8681,ADRIAN BAARS
8682,ADRIAN BAARS
8683,ADRIAN BAARS
8684,ADRIAN BAARS
8685,ADRIAN BAARS
8686,ADRIAN BAARS
8687,ADRIAN BAARS
8688,ADRIAN BAARS
8689,ADRIAN BAARS
8690,ADRIAN BAARS
8691,ADRIAN BAARS
8692,ADRIAN BAARS
8693,ADRIAN BAARS
8694,ADRIAN BAARS
8695,ADRIAN BAARS
8696,ADRIAN BAARS
8697,ADRIAN BAARS
8698,ADRIAN BAARS
8699,ADRIAN BAARS
8700,ADRIAN BAARS
8701,ADRIAN BAARS
8702,ADRIAN BAARS
8703,ADRIAN BAARS
8704,ADRIAN BAARS
8705,ADRIAN BAARS
8706,ADRIAN BAARS
8707,ADRIAN BAARS
8708,ADRIAN BAARS
8709,ADRIAN BAARS
8710,ADRIAN BAARS
8711,ADRIAN BAARS
8711A,ADRIAN BAARS
8712,ADRIAN BAARS
8713,ADRIAN BAARS
8714,ADRIAN BAARS
8715,ADRIAN BAARS
8716,ADRIAN BAARS
8717,ADRIAN BAARS
8718,ADRIAN BAARS
8719,ADRIAN BAARS
8720,ADRIAN BAARS
8721,ADRIAN BAARS
8722,ADRIAN BAARS
8723,ADRIAN BAARS
8724,ADRIAN BAARS
8725,ADRIAN BAARS
8726,ADRIAN BAARS
8727,ADRIAN BAARS
8728,ADRIAN BAARS
8729,ADRIAN BAARS
8730,ADRIAN BAARS
8731,ADRIAN BAARS
8732,ADRIAN BAARS
8733,ADRIAN BAARS
8734,ADRIAN BAARS
8735,ADRIAN BAARS
8736,ADRIAN BAARS
8737,ADRIAN BAARS
8738,ADRIAN BAARS
8739,ADRIAN BAARS
8740,ADRIAN BAARS
8741,ADRIAN BAARS
8742,ADRIAN BAARS
8743,ADRIAN BAARS
8744,ADRIAN BAARS
8745,ADRIAN BAARS
8746,ADRIAN BAARS
8747,ADRIAN BAARS
8748,ADRIAN BAARS
8749,ADRIAN BAARS
8750,ADRIAN BAARS
8751,ADRIAN BAARS
8752,ADRIAN BAARS
8753,ADRIAN BAARS
8754,ADRIAN BAARS
8755,ADRIAN BAARS
8756,ADRIAN BAARS
8757,ADRIAN BAARS
8758,ADRIAN BAARS
8759,ADRIAN BAARS
8760,ADRIAN BAARS
8761,ADRIAN BAARS
8762,ADRIAN BAARS
8763,ADRIAN BAARS
8764,ADRIAN BAARS
8765,ADRIAN BAARS
8766,ADRIAN BAARS
8767,ADRIAN BAARS
8768,ADRIAN BAARS
8769,ADRIAN BAARS
8770,ADRIAN BAARS
8771,ADRIAN BAARS
8772,ADRIAN BAARS
8773,ADRIAN BAARS
8774,ADRIAN BAARS
8775,ADRIAN BAARS
8776,ADRIAN BAARS
8777,ADRIAN BAARS
8778,ADRIAN BAARS
8779,ADRIAN BAARS
8780,ADRIAN BAARS
8781,ADRIAN BAARS
8782,ADRIAN BAARS
8783,ADRIAN BAARS
8784,ADRIAN BAARS
8785,ADRIAN BAARS
8786,ADRIAN BAARS
8787,ADRIAN BAARS
8788,ADRIAN BAARS
8789,ADRIAN BAARS
8790,ADRIAN BAARS
8791,ADRIAN BAARS
8792,ADRIAN BAARS
8793,ADRIAN BAARS
8794,ADRIAN BAARS
8797,JAN BARELS DE JONGE
8798,JAN BARELS DE JONGE
8799,JAN BARELS DE JONGE
8800,JAN BARELS DE JONGE
8801,JAN BARELS DE JONGE
8802,JAN BARELS DE JONGE
8803,JAN BARELS DE JONGE
8804,JAN BARELS DE JONGE
8805,JAN BARELS DE JONGE
8806,JAN BARELS DE JONGE
8807,JAN BARELS DE JONGE
8808,JAN BARELS DE JONGE
8809,JAN BARELS DE JONGE
8810,JAN BARELS DE JONGE
8811,JAN BARELS DE JONGE
8812,JAN BARELS DE JONGE
8813,JAN BARELS DE JONGE
8814,JAN BARELS DE JONGE
8815,JAN BARELS DE JONGE
8816,JAN BARELS DE JONGE
8817,JAN BARELS DE JONGE
8818,JAN BARELS DE JONGE
8819,JAN BARELS DE JONGE
8820,JAN BARELS DE JONGE
8821,JAN BARELS DE JONGE
8822,JAN BARELS DE JONGE
8823,JAN BARELS DE JONGE
8824,JAN BARELS DE JONGE
8825,JAN BARELS DE JONGE
8826,JAN BARELS DE JONGE
8827,JAN BARELS DE JONGE
8828,JAN BARELS DE JONGE
8829,JAN BARELS DE JONGE
8830,JAN BARELS DE JONGE
8831,JAN BARELS DE JONGE
8832,JAN BARELS DE JONGE
8833,JAN BARELS DE JONGE
8834,JAN BARELS DE JONGE
8835,JAN BARELS DE JONGE
8836,JAN BARELS DE JONGE
8837,JAN BARELS DE JONGE
8838,JAN BARELS DE JONGE
8839,JAN BARELS DE JONGE
8840,JAN BARELS DE JONGE
8841,JAN BARELS DE JONGE
8842,JAN BARELS DE JONGE
8843,JAN BARELS DE JONGE
8844,JAN BARELS DE JONGE
8845,JAN BARELS DE JONGE
8846,JAN BARELS DE JONGE
8847,JAN BARELS DE JONGE
8848,JAN BARELS DE JONGE
8849,JAN BARELS DE JONGE
8850,JAN BARELS DE JONGE
8851,JAN BARELS DE JONGE
8852,JAN BARELS DE JONGE
8853,JAN BARELS DE JONGE
8854,JAN BARELS DE JONGE
8855,JAN BARELS DE JONGE
8856,JAN BARELS DE JONGE
8857,JAN BARELS DE JONGE
8858,JAN BARELS DE JONGE
8859,JAN BARELS DE JONGE
8860,JAN BARELS DE JONGE
8861,JAN BARELS DE JONGE
8862,JAN BARELS DE JONGE
8863,JAN BARELS DE JONGE
8864,JAN BARELS DE JONGE
8865,JAN BARELS DE JONGE
8866,JAN BARELS DE JONGE
8867,JAN BARELS DE JONGE
8868,JAN BARELS DE JONGE
8869,JAN BARELS DE JONGE
8870,JAN BARELS DE JONGE
8871,JAN BARELS DE JONGE
8872,JAN BARELS DE JONGE
8873,JAN BARELS DE JONGE
8874,JAN BARELS DE JONGE
8875,JAN BARELS DE JONGE
8876,JAN BARELS DE JONGE
8877,JAN BARELS DE JONGE
8878,JAN BARELS DE JONGE
8879,JAN BARELS DE JONGE
8880,JAN BARELS DE JONGE
8881,JAN BARELS DE JONGE
8882,JAN BARELS DE JONGE
8883,JAN BARELS DE JONGE
8884,JAN BARELS DE JONGE
8885,JAN BARELS DE JONGE
8886,JAN BARELS DE JONGE
8887,JAN BARELS DE JONGE
8888,JAN BARELS DE JONGE
8889,JAN BARELS DE JONGE
8890,JAN BARELS DE JONGE
8891,JAN BARELS DE JONGE
8892,JAN BARELS DE JONGE
8893,JAN BARELS DE JONGE
8894,JAN BARELS DE JONGE
8895,JAN BARELS DE JONGE
8896,JAN BARELS DE JONGE
8897,JAN BARELS DE JONGE
8898,JAN BARELS DE JONGE
8899,JAN BARELS DE JONGE
8900,JAN BARELS DE JONGE
8901,JAN BARELS DE JONGE
8902,JAN BARELS DE JONGE
8903,JAN BARELS DE JONGE
8904,JAN BARELS DE JONGE
8907,HERMANUS DE WOLFF
9074,MR.MARTEN SCHRICK
9947,ARNOUT ROERMOND
10021,PHILIP ZWEERTS
10022,PHILIP ZWEERTS
10023,PHILIP ZWEERTS
10024,PHILIP ZWEERTS
10025,PHILIP ZWEERTS
10026,PHILIP ZWEERTS
10027,PHILIP ZWEERTS
10028,PHILIP ZWEERTS
10029,PHILIP ZWEERTS
10030,PHILIP ZWEERTS
10031,PHILIP ZWEERTS
10032,PHILIP ZWEERTS
10033,PHILIP ZWEERTS
10034,PHILIP ZWEERTS
10035,PHILIP ZWEERTS
10036,PHILIP ZWEERTS
10037,PHILIP ZWEERTS
10038,PHILIP ZWEERTS
10039,PHILIP ZWEERTS
10040,PHILIP ZWEERTS
10041,PHILIP ZWEERTS
10042,PHILIP ZWEERTS
10043,PHILIP ZWEERTS
10044,PHILIP ZWEERTS
10045,PHILIP ZWEERTS
10046,PHILIP ZWEERTS
10047,PHILIP ZWEERTS
10048,PHILIP ZWEERTS
10049,PHILIP ZWEERTS
10050,PHILIP ZWEERTS
10051,PHILIP ZWEERTS
10052,PHILIP ZWEERTS
10053,PHILIP ZWEERTS
10054,PHILIP ZWEERTS
10055,PHILIP ZWEERTS
10056,PHILIP ZWEERTS
10057,PHILIP ZWEERTS
10058,PHILIP ZWEERTS
10059,PHILIP ZWEERTS
10060,PHILIP ZWEERTS
10061,PHILIP ZWEERTS
10062,PHILIP ZWEERTS
10063,PHILIP ZWEERTS
10064,PHILIP ZWEERTS
10065,PHILIP ZWEERTS
10066,PHILIP ZWEERTS
10067,PHILIP ZWEERTS
10073,MR.JAN PLOOS VAN AMSTEL
10298,DANIEL VAN DEN BRINK
10299,DANIEL VAN DEN BRINK
10300,DANIEL VAN DEN BRINK
10301,DANIEL VAN DEN BRINK
10302,DANIEL VAN DEN BRINK
10303,DANIEL VAN DEN BRINK
10304,DANIEL VAN DEN BRINK
10305,DANIEL VAN DEN BRINK
10306,DANIEL VAN DEN BRINK
10307,DANIEL VAN DEN BRINK
10308,DANIEL VAN DEN BRINK
10309,DANIEL VAN DEN BRINK
10310,DANIEL VAN DEN BRINK
10311,DANIEL VAN DEN BRINK
10312,DANIEL VAN DEN BRINK
10313,DANIEL VAN DEN BRINK
10314,DANIEL VAN DEN BRINK
10315,DANIEL VAN DEN BRINK
10316,DANIEL VAN DEN BRINK
10317,DANIEL VAN DEN BRINK
10318,DANIEL VAN DEN BRINK
10319,DANIEL VAN DEN BRINK
10320,DANIEL VAN DEN BRINK
10321,DANIEL VAN DEN BRINK
10322,DANIEL VAN DEN BRINK
10323,DANIEL VAN DEN BRINK
10324,DANIEL VAN DEN BRINK
10325,DANIEL VAN DEN BRINK
10326,DANIEL VAN DEN BRINK
10327,DANIEL VAN DEN BRINK
10328,DANIEL VAN DEN BRINK
10329,DANIEL VAN DEN BRINK
10330,DANIEL VAN DEN BRINK
10331,DANIEL VAN DEN BRINK
10332,DANIEL VAN DEN BRINK
10333,DANIEL VAN DEN BRINK
10334,DANIEL VAN DEN BRINK
10335,DANIEL VAN DEN BRINK
10336,DANIEL VAN DEN BRINK
10337,DANIEL VAN DEN BRINK
10338,DANIEL VAN DEN BRINK
10339,DANIEL VAN DEN BRINK
10340,DANIEL VAN DEN BRINK
10341,DANIEL VAN DEN BRINK
10342,DANIEL VAN DEN BRINK
10343,DANIEL VAN DEN BRINK
10344,DANIEL VAN DEN BRINK
10345,DANIEL VAN DEN BRINK
10346,DANIEL VAN DEN BRINK
10347,DANIEL VAN DEN BRINK
10348,DANIEL VAN DEN BRINK
10349,DANIEL VAN DEN BRINK
10350,DANIEL VAN DEN BRINK
10351,DANIEL VAN DEN BRINK
10352,DANIEL VAN DEN BRINK
10353,DANIEL VAN DEN BRINK
10354,DANIEL VAN DEN BRINK
10355,DANIEL VAN DEN BRINK
10356,DANIEL VAN DEN BRINK
10357,DANIEL VAN DEN BRINK
10358,DANIEL VAN DEN BRINK
10359,DANIEL VAN DEN BRINK
10360,DANIEL VAN DEN BRINK
10361,DANIEL VAN DEN BRINK
10362,DANIEL VAN DEN BRINK
10363,DANIEL VAN DEN BRINK
10364,DANIEL VAN DEN BRINK
10365,DANIEL VAN DEN BRINK
10366,DANIEL VAN DEN BRINK
10367,DANIEL VAN DEN BRINK
10368,DANIEL VAN DEN BRINK
10369,DANIEL VAN DEN BRINK
10370,DANIEL VAN DEN BRINK
10371,DANIEL VAN DEN BRINK
10372,DANIEL VAN DEN BRINK
10373,DANIEL VAN DEN BRINK
10374,DANIEL VAN DEN BRINK
10375,DANIEL VAN DEN BRINK
10376,DANIEL VAN DEN BRINK
10377,DANIEL VAN DEN BRINK
10378,DANIEL VAN DEN BRINK
10379,DANIEL VAN DEN BRINK
10380,DANIEL VAN DEN BRINK
10381,DANIEL VAN DEN BRINK
10382,DANIEL VAN DEN BRINK
10383,DANIEL VAN DEN BRINK
10384,DANIEL VAN DEN BRINK
10385,DANIEL VAN DEN BRINK
10386,DANIEL VAN DEN BRINK
10387,DANIEL VAN DEN BRINK
10388,DANIEL VAN DEN BRINK
10389,DANIEL VAN DEN BRINK
10390,DANIEL VAN DEN BRINK
10391,DANIEL VAN DEN BRINK
10392,DANIEL VAN DEN BRINK
10393,DANIEL VAN DEN BRINK
10394,DANIEL VAN DEN BRINK
10395,DANIEL VAN DEN BRINK
10396,DANIEL VAN DEN BRINK
10397,DANIEL VAN DEN BRINK
10398,DANIEL VAN DEN BRINK
10399,DANIEL VAN DEN BRINK
10400,DANIEL VAN DEN BRINK
10401,DANIEL VAN DEN BRINK
10402,DANIEL VAN DEN BRINK
10403,DANIEL VAN DEN BRINK
10404,DANIEL VAN DEN BRINK
10405,DANIEL VAN DEN BRINK
10406,DANIEL VAN DEN BRINK
10407,DANIEL VAN DEN BRINK
10408,DANIEL VAN DEN BRINK
10409,DANIEL VAN DEN BRINK
10410,DANIEL VAN DEN BRINK
10411,DANIEL VAN DEN BRINK
10412,DANIEL VAN DEN BRINK
10413,DANIEL VAN DEN BRINK
10414,DANIEL VAN DEN BRINK
10415,DANIEL VAN DEN BRINK
10416,DANIEL VAN DEN BRINK
10417,DANIEL VAN DEN BRINK
10418,DANIEL VAN DEN BRINK
10419,DANIEL VAN DEN BRINK
10420,DANIEL VAN DEN BRINK
10421,DANIEL VAN DEN BRINK
10422,DANIEL VAN DEN BRINK
10423,DANIEL VAN DEN BRINK
10424,DANIEL VAN DEN BRINK
10425,DANIEL VAN DEN BRINK
10426,DANIEL VAN DEN BRINK
10427,DANIEL VAN DEN BRINK
10428,DANIEL VAN DEN BRINK
10429,DANIEL VAN DEN BRINK
10430,DANIEL VAN DEN BRINK
10431,DANIEL VAN DEN BRINK
10432,DANIEL VAN DEN BRINK
10433,DANIEL VAN DEN BRINK
10434,DANIEL VAN DEN BRINK
10435,DANIEL VAN DEN BRINK
10436,DANIEL VAN DEN BRINK
10437,DANIEL VAN DEN BRINK
10438,DANIEL VAN DEN BRINK
10439,DANIEL VAN DEN BRINK
10440,DANIEL VAN DEN BRINK
10441,DANIEL VAN DEN BRINK
10442,DANIEL VAN DEN BRINK
10443,DANIEL VAN DEN BRINK
10444,DANIEL VAN DEN BRINK
10445,DANIEL VAN DEN BRINK
10446,DANIEL VAN DEN BRINK
10447,DANIEL VAN DEN BRINK
10448,DANIEL VAN DEN BRINK
10449,DANIEL VAN DEN BRINK
10450,DANIEL VAN DEN BRINK
10451,DANIEL VAN DEN BRINK
10452,DANIEL VAN DEN BRINK
10453,DANIEL VAN DEN BRINK
10454,DANIEL VAN DEN BRINK
10455,DANIEL VAN DEN BRINK
10456,DANIEL VAN DEN BRINK
10457,DANIEL VAN DEN BRINK
10458,DANIEL VAN DEN BRINK
10459,DANIEL VAN DEN BRINK
10460,DANIEL VAN DEN BRINK
10461,DANIEL VAN DEN BRINK
10462,DANIEL VAN DEN BRINK
10463,DANIEL VAN DEN BRINK
10464,DANIEL VAN DEN BRINK
10465,DANIEL VAN DEN BRINK
10466,DANIEL VAN DEN BRINK
10467,DANIEL VAN DEN BRINK
10468,DANIEL VAN DEN BRINK
10469,DANIEL VAN DEN BRINK
10470,DANIEL VAN DEN BRINK
10471,DANIEL VAN DEN BRINK
10472,DANIEL VAN DEN BRINK
10473,DANIEL VAN DEN BRINK
10474,DANIEL VAN DEN BRINK
10475,DANIEL VAN DEN BRINK
10476,DANIEL VAN DEN BRINK
10477,DANIEL VAN DEN BRINK
10478,DANIEL VAN DEN BRINK
10479,DANIEL VAN DEN BRINK
10480,DANIEL VAN DEN BRINK
10481,DANIEL VAN DEN BRINK
10482,DANIEL VAN DEN BRINK
10483,DANIEL VAN DEN BRINK
10484,DANIEL VAN DEN BRINK
10485,DANIEL VAN DEN BRINK
10486,DANIEL VAN DEN BRINK
10487,DANIEL VAN DEN BRINK
10488,DANIEL VAN DEN BRINK
10489,DANIEL VAN DEN BRINK
10490,DANIEL VAN DEN BRINK
10491,DANIEL VAN DEN BRINK
10492,DANIEL VAN DEN BRINK
10493,DANIEL VAN DEN BRINK
10494,DANIEL VAN DEN BRINK
10495,DANIEL VAN DEN BRINK
10496,DANIEL VAN DEN BRINK
10497,DANIEL VAN DEN BRINK
10498,DANIEL VAN DEN BRINK
10499,DANIEL VAN DEN BRINK
10500,DANIEL VAN DEN BRINK
10501,DANIEL VAN DEN BRINK
10502,DANIEL VAN DEN BRINK
10503,DANIEL VAN DEN BRINK
10504,DANIEL VAN DEN BRINK
10505,DANIEL VAN DEN BRINK
10506,DANIEL VAN DEN BRINK
10507,DANIEL VAN DEN BRINK
10508,DANIEL VAN DEN BRINK
10509,DANIEL VAN DEN BRINK
10510,DANIEL VAN DEN BRINK
10511,DANIEL VAN DEN BRINK
10512,DANIEL VAN DEN BRINK
10513,DANIEL VAN DEN BRINK
10514,DANIEL VAN DEN BRINK
10515,DANIEL VAN DEN BRINK
10516,DANIEL VAN DEN BRINK
10517,DANIEL VAN DEN BRINK
10518,DANIEL VAN DEN BRINK
10519,DANIEL VAN DEN BRINK
10520,DANIEL VAN DEN BRINK
10521,DANIEL VAN DEN BRINK
10522,DANIEL VAN DEN BRINK
10523,DANIEL VAN DEN BRINK
10524,DANIEL VAN DEN BRINK
10525,DANIEL VAN DEN BRINK
10526,DANIEL VAN DEN BRINK
10527,DANIEL VAN DEN BRINK
10528,DANIEL VAN DEN BRINK
10529,DANIEL VAN DEN BRINK
10530,DANIEL VAN DEN BRINK
10531,DANIEL VAN DEN BRINK
10532,DANIEL VAN DEN BRINK
10534,DANIEL VAN DEN BRINK
10535,DANIEL VAN DEN BRINK
10536,DANIEL VAN DEN BRINK
10537,DANIEL VAN DEN BRINK
10538,DANIEL VAN DEN BRINK
10539,DANIEL VAN DEN BRINK
10540,DANIEL VAN DEN BRINK
10541,DANIEL VAN DEN BRINK
10542,DANIEL VAN DEN BRINK
10543,DANIEL VAN DEN BRINK
10544,DANIEL VAN DEN BRINK
10545,DANIEL VAN DEN BRINK
10546,DANIEL VAN DEN BRINK
10547,DANIEL VAN DEN BRINK
10548,DANIEL VAN DEN BRINK
10549,DANIEL VAN DEN BRINK
10550,DANIEL VAN DEN BRINK
10551,DANIEL VAN DEN BRINK
10552,DANIEL VAN DEN BRINK
10553,DANIEL VAN DEN BRINK
10554,DANIEL VAN DEN BRINK
10555,DANIEL VAN DEN BRINK
10556,DANIEL VAN DEN BRINK
10557,DANIEL VAN DEN BRINK
10558,DANIEL VAN DEN BRINK
10559,DANIEL VAN DEN BRINK
10560,DANIEL VAN DEN BRINK
10561,DANIEL VAN DEN BRINK
10562,DANIEL VAN DEN BRINK
10563,DANIEL VAN DEN BRINK
10564,DANIEL VAN DEN BRINK
10565,DANIEL VAN DEN BRINK
10566,DANIEL VAN DEN BRINK
10567,DANIEL VAN DEN BRINK
10568,DANIEL VAN DEN BRINK
10569,DANIEL VAN DEN BRINK
10570,DANIEL VAN DEN BRINK
10571,DANIEL VAN DEN BRINK
10572,DANIEL VAN DEN BRINK
10573,DANIEL VAN DEN BRINK
10574,DANIEL VAN DEN BRINK
10575,DANIEL VAN DEN BRINK
10576,DANIEL VAN DEN BRINK
10577,DANIEL VAN DEN BRINK
10578,DANIEL VAN DEN BRINK
10579,DANIEL VAN DEN BRINK
10580,DANIEL VAN DEN BRINK
10581,DANIEL VAN DEN BRINK
10582,DANIEL VAN DEN BRINK
10583,DANIEL VAN DEN BRINK
10584,DANIEL VAN DEN BRINK
10585,DANIEL VAN DEN BRINK
10586,DANIEL VAN DEN BRINK
10587,DANIEL VAN DEN BRINK
10588,DANIEL VAN DEN BRINK
10589,DANIEL VAN DEN BRINK
10590,DANIEL VAN DEN BRINK
10591,DANIEL VAN DEN BRINK
10592,DANIEL VAN DEN BRINK
10593,DANIEL VAN DEN BRINK
10594,DANIEL VAN DEN BRINK
10595,DANIEL VAN DEN BRINK
10596,DANIEL VAN DEN BRINK
10597,DANIEL VAN DEN BRINK
10598,DANIEL VAN DEN BRINK
10599,DANIEL VAN DEN BRINK
10600,DANIEL VAN DEN BRINK
10601,DANIEL VAN DEN BRINK
10602,DANIEL VAN DEN BRINK
10603,DANIEL VAN DEN BRINK
10604,DANIEL VAN DEN BRINK
10605,DANIEL VAN DEN BRINK
10606,DANIEL VAN DEN BRINK
10607,DANIEL VAN DEN BRINK
10608,DANIEL VAN DEN BRINK
10609,DANIEL VAN DEN BRINK
10610,DANIEL VAN DEN BRINK
10611,DANIEL VAN DEN BRINK
10612,DANIEL VAN DEN BRINK
10613,DANIEL VAN DEN BRINK
10614,DANIEL VAN DEN BRINK
10615,DANIEL VAN DEN BRINK
10616,DANIEL VAN DEN BRINK
10617,DANIEL VAN DEN BRINK
10618,DANIEL VAN DEN BRINK
10619,DANIEL VAN DEN BRINK
10620,DANIEL VAN DEN BRINK
10621,DANIEL VAN DEN BRINK
10622,DANIEL VAN DEN BRINK
10623,DANIEL VAN DEN BRINK
10624,DANIEL VAN DEN BRINK
10625,DANIEL VAN DEN BRINK
10626,DANIEL VAN DEN BRINK
10627,DANIEL VAN DEN BRINK
10628,DANIEL VAN DEN BRINK
10629,DANIEL VAN DEN BRINK
10630,DANIEL VAN DEN BRINK
10631,DANIEL VAN DEN BRINK
10632,DANIEL VAN DEN BRINK
10633,DANIEL VAN DEN BRINK
10634,DANIEL VAN DEN BRINK
10635,DANIEL VAN DEN BRINK
10636,DANIEL VAN DEN BRINK
10637,DANIEL VAN DEN BRINK
10638,DANIEL VAN DEN BRINK
10639,DANIEL VAN DEN BRINK
10640,DANIEL VAN DEN BRINK
10641,DANIEL VAN DEN BRINK
10642,DANIEL VAN DEN BRINK
10643,DANIEL VAN DEN BRINK
10644,DANIEL VAN DEN BRINK
10645,DANIEL VAN DEN BRINK
10646,DANIEL VAN DEN BRINK
10647,DANIEL VAN DEN BRINK
10648,DANIEL VAN DEN BRINK
10649,DANIEL VAN DEN BRINK
10650,DANIEL VAN DEN BRINK
10651,DANIEL VAN DEN BRINK
10652,DANIEL VAN DEN BRINK
10653,DANIEL VAN DEN BRINK
10654,DANIEL VAN DEN BRINK
10655,DANIEL VAN DEN BRINK
10656,DANIEL VAN DEN BRINK
10657,DANIEL VAN DEN BRINK
10658,DANIEL VAN DEN BRINK
10659,DANIEL VAN DEN BRINK
10660,DANIEL VAN DEN BRINK
10661,DANIEL VAN DEN BRINK
11885,JAN VERLEIJ
11886,JAN VERLEIJ
11887,JAN VERLEIJ
11888,JAN VERLEIJ
11889,JAN VERLEIJ
11890,JAN VERLEIJ
11891,JAN VERLEIJ
11892,JAN VERLEIJ
11893,JAN VERLEIJ
11894,JAN VERLEIJ
11895,JAN VERLEIJ
11896,JAN VERLEIJ
11897,JAN VERLEIJ
11898,JAN VERLEIJ
11899,JAN VERLEIJ
11900,JAN VERLEIJ
11901,JAN VERLEIJ
11902,JAN VERLEIJ
11903,JAN VERLEIJ
11904,JAN VERLEIJ
11905,JAN VERLEIJ
11906,JAN VERLEIJ
11907,JAN VERLEIJ
11908,JAN VERLEIJ
11909,JAN VERLEIJ
11910,JAN VERLEIJ
11911,JAN VERLEIJ
11912,JAN VERLEIJ
11913,JAN VERLEIJ
11914,JAN VERLEIJ
11915,JAN VERLEIJ
11916,JAN VERLEIJ
11917,JAN VERLEIJ
11918,JAN VERLEIJ
11919,JAN VERLEIJ
11920,JAN VERLEIJ
11921,JAN VERLEIJ
11922,JAN VERLEIJ
11923,JAN VERLEIJ
11924,JAN VERLEIJ
11925,JAN VERLEIJ
11926,JAN VERLEIJ
11927,JAN VERLEIJ
11928,JAN VERLEIJ
11929,JAN VERLEIJ
11930,JAN VERLEIJ
11931,JAN VERLEIJ
11932,JAN VERLEIJ
11933,JAN VERLEIJ
11934,JAN VERLEIJ
11935,JAN VERLEIJ
11936,JAN VERLEIJ
11937,JAN VERLEIJ
11938,JAN VERLEIJ
11939,JAN VERLEIJ
11940,JAN VERLEIJ
11941,JAN VERLEIJ
11942,JAN VERLEIJ
11943,JAN VERLEIJ
11944,JAN VERLEIJ
11945,JAN VERLEIJ
11946,JAN VERLEIJ
11947,JAN VERLEIJ
11948,JAN VERLEIJ
11949,JAN VERLEIJ
11950,JAN VERLEIJ
11951,JAN VERLEIJ
11952,JAN VERLEIJ
11953,JAN VERLEIJ
11954,JAN VERLEIJ
11955,JAN VERLEIJ
11956,JAN VERLEIJ
11957,JAN VERLEIJ
11958,JAN VERLEIJ
11959,JAN VERLEIJ
11960,JAN VERLEIJ
11961,JAN VERLEIJ
11962,JAN VERLEIJ
11963,JAN VERLEIJ
11964,JAN VERLEIJ
11965,JAN VERLEIJ
11966,JAN VERLEIJ
11967,JAN VERLEIJ
11968,JAN VERLEIJ
11970,ABRAHAM COIJMANS
11998,ABRAHAM COIJMANS
12020,ABRAHAM COIJMANS
12153,JAN RIJPLAND
12662,ISAAC POOL
12663,ISAAC POOL
12664,ISAAC POOL
12665,ISAAC POOL
12666,ISAAC POOL
12667,ISAAC POOL
12668,ISAAC POOL
12669,ISAAC POOL
12670,ISAAC POOL
12671,ISAAC POOL
12672,ISAAC POOL
12673,ISAAC POOL
12674,ISAAC POOL
12675,ISAAC POOL
12676,ISAAC POOL
12677,ISAAC POOL
12678,ISAAC POOL
12679,ISAAC POOL
12680,ISAAC POOL
12681,ISAAC POOL
12682,ISAAC POOL
12683,ISAAC POOL
12684,ISAAC POOL
12685,ISAAC POOL
12686,ISAAC POOL
12687,ISAAC POOL
12688,ISAAC POOL
12689,ISAAC POOL
12690,ISAAC POOL
12691,ISAAC POOL
12692,ISAAC POOL
12693,ISAAC POOL
12694,ISAAC POOL
12695,ISAAC POOL
12696,ISAAC POOL
12697,ISAAC POOL
12698,ISAAC POOL
12699,ISAAC POOL
12700,ISAAC POOL
12701,ISAAC POOL
12702,ISAAC POOL
12703,ISAAC POOL
12704,ISAAC POOL
12705,ISAAC POOL
12706,ISAAC POOL
12707,ISAAC POOL
12708,ISAAC POOL
12709,ISAAC POOL
12710,ISAAC POOL
12711,ISAAC POOL
12712,ISAAC POOL
12713,ISAAC POOL
12714,ISAAC POOL
12715,ISAAC POOL
12716,ISAAC POOL
12717,ISAAC POOL
12718,ISAAC POOL
12719,ISAAC POOL
12720,ISAAC POOL
12721,ISAAC POOL
12722,ISAAC POOL
12723,ISAAC POOL
12724,ISAAC POOL
12725,ISAAC POOL
12726,ISAAC POOL
12727,ISAAC POOL
12728,ISAAC POOL
12729,ISAAC POOL
12730,ISAAC POOL
12731,ISAAC POOL
12732,ISAAC POOL
12733,ISAAC POOL
12734,ISAAC POOL
12735,ISAAC POOL
12736,ISAAC POOL
12737,ISAAC POOL
12738,ISAAC POOL
12739,ISAAC POOL
12740,ISAAC POOL
12741,ISAAC POOL
12742,ISAAC POOL
12743,ISAAC POOL
12744,ISAAC POOL
12745,ISAAC POOL
12746,ISAAC POOL
12747,ISAAC POOL
12748,ISAAC POOL
12749,ISAAC POOL
12750,ISAAC POOL
12751,ISAAC POOL
12752,ISAAC POOL
12753,ISAAC POOL
12754,ISAAC POOL
12755,ISAAC POOL
12756,ISAAC POOL
12757,ISAAC POOL
12758,ISAAC POOL
12759,ISAAC POOL
12760,ISAAC POOL
12761,ISAAC POOL
12762,ISAAC POOL
12763,ISAAC POOL
12764,ISAAC POOL
12765,ISAAC POOL
12766,ISAAC POOL
12767,ISAAC POOL
12768,ISAAC POOL
12769,ISAAC POOL
12770,ISAAC POOL
12771,ISAAC POOL
12772,ISAAC POOL
12773,ISAAC POOL
12774,ISAAC POOL
12775,ISAAC POOL
12776,ISAAC POOL
12777,ISAAC POOL
12778,ISAAC POOL
12779,ISAAC POOL
12780,ISAAC POOL
12781,ISAAC POOL
12782,ISAAC POOL
12783,ISAAC POOL
12784,ISAAC POOL
12788,HERMANUS VAN HEEL
12789,HERMANUS VAN HEEL
12790,HERMANUS VAN HEEL
12791,HERMANUS VAN HEEL
12792,HERMANUS VAN HEEL
12793,HERMANUS VAN HEEL
12794,HERMANUS VAN HEEL
12795,HERMANUS VAN HEEL
12796,HERMANUS VAN HEEL
12797,HERMANUS VAN HEEL
12798,HERMANUS VAN HEEL
12799,HERMANUS VAN HEEL
12800,HERMANUS VAN HEEL
12801,HERMANUS VAN HEEL
12802,HERMANUS VAN HEEL
12803,HERMANUS VAN HEEL
12804,HERMANUS VAN HEEL
12805,HERMANUS VAN HEEL
12806,HERMANUS VAN HEEL
12807,HERMANUS VAN HEEL
12808,HERMANUS VAN HEEL
12809,HERMANUS VAN HEEL
12810,HERMANUS VAN HEEL
12811,HERMANUS VAN HEEL
12812,HERMANUS VAN HEEL
12813,HERMANUS VAN HEEL
12814,HERMANUS VAN HEEL
12815,HERMANUS VAN HEEL
12816,HERMANUS VAN HEEL
12817,HERMANUS VAN HEEL
12818,HERMANUS VAN HEEL
12819,HERMANUS VAN HEEL
12820,HERMANUS VAN HEEL
12821,HERMANUS VAN HEEL
12822,HERMANUS VAN HEEL
12823,HERMANUS VAN HEEL
12824,HERMANUS VAN HEEL
12825,HERMANUS VAN HEEL
12826,HERMANUS VAN HEEL
12827,HERMANUS VAN HEEL
12828,HERMANUS VAN HEEL
12829,HERMANUS VAN HEEL
12830,HERMANUS VAN HEEL
12831,HERMANUS VAN HEEL
12832,HERMANUS VAN HEEL
12833,HERMANUS VAN HEEL
12834,HERMANUS VAN HEEL
12835,HERMANUS VAN HEEL
12836,HERMANUS VAN HEEL
12837,HERMANUS VAN HEEL
12838,HERMANUS VAN HEEL
12839,HERMANUS VAN HEEL
12840,HERMANUS VAN HEEL
12841,HERMANUS VAN HEEL
12842,HERMANUS VAN HEEL
12843,HERMANUS VAN HEEL
12844,HERMANUS VAN HEEL
12845,HERMANUS VAN HEEL
12846,HERMANUS VAN HEEL
12847,HERMANUS VAN HEEL
12848,HERMANUS VAN HEEL
12849,HERMANUS VAN HEEL
12850,HERMANUS VAN HEEL
12851,HERMANUS VAN HEEL
12852,HERMANUS VAN HEEL
12853,HERMANUS VAN HEEL
12854,HERMANUS VAN HEEL
12855,HERMANUS VAN HEEL
12856,HERMANUS VAN HEEL
12857,HERMANUS VAN HEEL
12858,HERMANUS VAN HEEL
12859,HERMANUS VAN HEEL
12860,HERMANUS VAN HEEL
12861,HERMANUS VAN HEEL
12862,HERMANUS VAN HEEL
12863,HERMANUS VAN HEEL
12864,HERMANUS VAN HEEL
12865,HERMANUS VAN HEEL
12866,HERMANUS VAN HEEL
12867,HERMANUS VAN HEEL
12868,HERMANUS VAN HEEL
12869,HERMANUS VAN HEEL
12870,HERMANUS VAN HEEL
12871,HERMANUS VAN HEEL
12872,HERMANUS VAN HEEL
12873,HERMANUS VAN HEEL
12874,HERMANUS VAN HEEL
12875,HERMANUS VAN HEEL
12876,HERMANUS VAN HEEL
12877,HERMANUS VAN HEEL
12878,HERMANUS VAN HEEL
12879,HERMANUS VAN HEEL
12880,HERMANUS VAN HEEL
12881,HERMANUS VAN HEEL
12882,HERMANUS VAN HEEL
12883,HERMANUS VAN HEEL
12884,HERMANUS VAN HEEL
13131,MR. CORNELIS STAAL
13132,MR. CORNELIS STAAL
13133,MR. CORNELIS STAAL
13134,MR. CORNELIS STAAL
13267,GERARDUS WIJTHOFF
13544,DOMINICUS GENIETS
14255,MR. HENDRIK DANIEL VAN HOORN
14256,MR. HENDRIK DANIEL VAN HOORN
14257,MR. HENDRIK DANIEL VAN HOORN
14258,MR. HENDRIK DANIEL VAN HOORN
14259,MR. HENDRIK DANIEL VAN HOORN
14260,MR. HENDRIK DANIEL VAN HOORN
14261,MR. HENDRIK DANIEL VAN HOORN
14262,MR. HENDRIK DANIEL VAN HOORN
14263,MR. HENDRIK DANIEL VAN HOORN
14264,MR. HENDRIK DANIEL VAN HOORN
14265,MR. HENDRIK DANIEL VAN HOORN
14266,MR. HENDRIK DANIEL VAN HOORN
14267,MR. HENDRIK DANIEL VAN HOORN
14268,MR. HENDRIK DANIEL VAN HOORN
14269,MR. HENDRIK DANIEL VAN HOORN
14270,MR. HENDRIK DANIEL VAN HOORN
14271,MR. HENDRIK DANIEL VAN HOORN
14272,MR. HENDRIK DANIEL VAN HOORN
14273,MR. HENDRIK DANIEL VAN HOORN
14274,MR. HENDRIK DANIEL VAN HOORN
14275,MR. HENDRIK DANIEL VAN HOORN
14276,MR. HENDRIK DANIEL VAN HOORN
15030,EGIDIUS CREMER
15590,ANTHONY MIJLIUS
